job_title,location,industry,skills,experience,salary_lpa,posted_date
Cloud Engineer,Chennai,HealthTech,"aws, azure, linux",1,3,2023-12-26
ML Engineer,Bangalore,E-Commerce,"ml, python, tensorflow",4,14,2024-12-30
AI Engineer,Delhi,IT,"ml, ai, python",8,16,2023-01-31
DevOps Engineer,Delhi,E-Commerce,"kubernetes, linux, aws",1,19,2023-10-26
DevOps Engineer,Pune,E-Commerce,"linux, aws, kubernetes",1,19,2024-02-19
Cyber Security Analyst,Chennai,HealthTech,"networking, security, linux",4,7,2024-06-03
Cyber Security Analyst,Pune,HealthTech,"security, linux, networking",5,16,2024-11-28
AI Engineer,Chennai,EdTech,"ml, nlp, ai",3,6,2023-02-08
Web Developer,Mumbai,IT,"javascript, html, css",5,12,2023-12-20
Business Analyst,Chennai,IT,"communication, excel, sql",6,19,2023-07-03
Cyber Security Analyst,Chennai,EdTech,"linux, networking, security",6,5,2023-06-30
Business Analyst,Hyderabad,FinTech,"excel, communication, sql",7,16,2024-06-23
DevOps Engineer,Pune,E-Commerce,"aws, kubernetes, linux",5,22,2023-06-14
Data Scientist,Bangalore,IT,"python, ml, statistics",5,25,2023-06-13
DevOps Engineer,Delhi,E-Commerce,"aws, docker, linux",1,12,2024-05-18
Software Engineer,Hyderabad,IT,"python, java, oops",2,14,2024-09-08
AI Engineer,Bangalore,FinTech,"nlp, python, ml",2,13,2023-11-18
Cloud Engineer,Bangalore,IT,"linux, azure, docker",7,22,2024-05-30
DevOps Engineer,Chennai,E-Commerce,"docker, kubernetes, linux",4,19,2024-09-27
Web Developer,Mumbai,FinTech,"css, react, javascript",0,4,2023-01-29
Cyber Security Analyst,Delhi,FinTech,"networking, linux, security",2,16,2024-09-06
DevOps Engineer,Pune,FinTech,"kubernetes, aws, docker",8,24,2024-05-27
Data Scientist,Delhi,HealthTech,"python, statistics, ml",0,13,2024-09-25
AI Engineer,Hyderabad,HealthTech,"nlp, ai, ml",4,7,2023-11-22
Web Developer,Bangalore,E-Commerce,"javascript, css, react",8,22,2024-09-11
Cyber Security Analyst,Hyderabad,EdTech,"linux, networking, security",4,12,2023-03-09
Data Analyst,Chennai,FinTech,"power bi, python, excel",4,23,2023-11-11
Data Analyst,Hyderabad,EdTech,"excel, sql, power bi",4,8,2023-03-12
Data Analyst,Pune,FinTech,"power bi, sql, python",4,14,2024-06-12
ML Engineer,Hyderabad,EdTech,"ml, tensorflow, deep learning",1,6,2024-09-16
Data Scientist,Delhi,EdTech,"python, statistics, sql",7,13,2024-02-12
ML Engineer,Mumbai,HealthTech,"deep learning, ml, python",7,10,2023-11-11
DevOps Engineer,Delhi,E-Commerce,"kubernetes, docker, aws",6,4,2023-05-04
Cyber Security Analyst,Pune,IT,"security, linux, networking",7,25,2024-07-14
Data Analyst,Pune,FinTech,"excel, power bi, sql",2,16,2023-10-24
Business Analyst,Bangalore,FinTech,"sql, excel, communication",8,9,2023-10-17
Data Analyst,Delhi,HealthTech,"power bi, python, excel",2,17,2023-03-16
Data Scientist,Pune,E-Commerce,"statistics, sql, python",7,18,2024-04-13
ML Engineer,Chennai,HealthTech,"deep learning, tensorflow, python",5,24,2023-08-14
Web Developer,Hyderabad,IT,"react, html, css",3,14,2024-10-28
AI Engineer,Bangalore,EdTech,"python, ai, ml",4,6,2023-11-12
AI Engineer,Chennai,E-Commerce,"ai, python, nlp",0,23,2023-01-04
ML Engineer,Hyderabad,EdTech,"ml, python, deep learning",3,25,2023-05-03
Business Analyst,Pune,IT,"communication, sql, excel",6,25,2023-12-02
Cyber Security Analyst,Chennai,EdTech,"security, linux, networking",6,11,2024-06-16
Cyber Security Analyst,Hyderabad,FinTech,"linux, networking, security",7,24,2023-02-12
Web Developer,Delhi,FinTech,"css, javascript, react",0,23,2024-06-26
Business Analyst,Delhi,FinTech,"sql, excel, communication",0,15,2023-10-12
Data Analyst,Delhi,FinTech,"power bi, python, sql",1,14,2024-09-21
ML Engineer,Delhi,HealthTech,"python, tensorflow, ml",5,12,2023-01-06
Cloud Engineer,Mumbai,FinTech,"azure, linux, docker",4,24,2023-10-21
Data Scientist,Hyderabad,IT,"ml, statistics, python",2,20,2023-04-24
Data Scientist,Mumbai,EdTech,"sql, python, statistics",6,13,2024-05-05
Data Scientist,Pune,FinTech,"ml, sql, python",6,21,2023-04-12
AI Engineer,Hyderabad,EdTech,"ai, nlp, python",0,18,2024-12-28
Cyber Security Analyst,Hyderabad,HealthTech,"security, linux, networking",8,6,2023-10-21
Cyber Security Analyst,Delhi,HealthTech,"security, linux, networking",7,5,2024-07-17
Data Analyst,Mumbai,FinTech,"sql, python, excel",2,19,2023-09-19
DevOps Engineer,Hyderabad,HealthTech,"kubernetes, aws, docker",6,15,2024-07-14
AI Engineer,Hyderabad,HealthTech,"python, nlp, ai",2,24,2024-12-16
Data Scientist,Pune,EdTech,"python, sql, statistics",2,19,2023-12-30
Business Analyst,Bangalore,FinTech,"excel, sql, communication",8,17,2023-08-13
Business Analyst,Chennai,E-Commerce,"sql, communication, excel",1,19,2024-08-18
Cloud Engineer,Hyderabad,E-Commerce,"linux, docker, aws",0,13,2023-09-10
Software Engineer,Hyderabad,E-Commerce,"oops, sql, python",0,9,2023-09-28
Business Analyst,Pune,IT,"excel, communication, sql",8,4,2023-01-26
Data Analyst,Chennai,EdTech,"excel, python, power bi",1,22,2023-05-14
Business Analyst,Delhi,HealthTech,"communication, excel, sql",6,16,2023-10-09
Software Engineer,Delhi,E-Commerce,"oops, python, java",8,8,2023-03-21
Cyber Security Analyst,Bangalore,EdTech,"networking, security, linux",5,5,2024-03-04
Business Analyst,Mumbai,EdTech,"excel, sql, communication",1,17,2024-12-06
Data Scientist,Delhi,E-Commerce,"sql, python, statistics",3,21,2023-09-27
DevOps Engineer,Mumbai,FinTech,"docker, linux, kubernetes",7,12,2023-08-25
Data Scientist,Bangalore,FinTech,"ml, statistics, sql",1,23,2023-10-29
Data Analyst,Hyderabad,FinTech,"excel, python, power bi",3,10,2023-11-08
AI Engineer,Bangalore,HealthTech,"python, ml, ai",1,8,2024-08-27
Data Scientist,Chennai,EdTech,"ml, python, statistics",5,14,2023-11-30
Software Engineer,Pune,E-Commerce,"oops, sql, python",7,19,2023-10-17
Software Engineer,Pune,E-Commerce,"java, python, sql",8,3,2023-11-11
Data Analyst,Mumbai,HealthTech,"power bi, excel, sql",4,12,2023-10-25
AI Engineer,Bangalore,EdTech,"ml, python, nlp",2,7,2024-01-29
Cloud Engineer,Mumbai,HealthTech,"azure, aws, docker",1,23,2023-01-26
AI Engineer,Delhi,E-Commerce,"ml, python, ai",0,17,2023-07-01
Data Scientist,Hyderabad,EdTech,"python, sql, statistics",4,23,2024-04-19
AI Engineer,Mumbai,EdTech,"python, ai, ml",8,4,2023-12-10
Web Developer,Bangalore,HealthTech,"html, react, css",0,20,2023-04-01
ML Engineer,Chennai,FinTech,"deep learning, ml, python",1,12,2024-06-15
Data Analyst,Hyderabad,E-Commerce,"sql, power bi, excel",7,7,2023-10-02
ML Engineer,Delhi,IT,"ml, tensorflow, python",1,24,2024-06-29
Cloud Engineer,Pune,EdTech,"linux, azure, aws",5,3,2024-01-26
Web Developer,Hyderabad,FinTech,"html, react, javascript",3,15,2023-11-19
DevOps Engineer,Mumbai,HealthTech,"docker, linux, kubernetes",3,8,2023-09-01
DevOps Engineer,Mumbai,E-Commerce,"linux, kubernetes, aws",0,4,2024-06-14
AI Engineer,Chennai,E-Commerce,"ml, python, ai",3,14,2024-06-30
Web Developer,Mumbai,EdTech,"html, react, css",0,11,2024-09-15
Cyber Security Analyst,Chennai,IT,"networking, linux, security",2,18,2023-01-08
AI Engineer,Pune,EdTech,"ai, python, ml",7,11,2023-06-16
ML Engineer,Delhi,HealthTech,"tensorflow, deep learning, ml",1,3,2023-12-21
Software Engineer,Chennai,FinTech,"python, java, oops",4,8,2024-02-11
Data Scientist,Pune,IT,"sql, ml, python",7,19,2023-03-25
Cyber Security Analyst,Bangalore,EdTech,"networking, linux, security",3,17,2024-07-16
ML Engineer,Delhi,IT,"ml, tensorflow, deep learning",2,15,2024-08-07
Business Analyst,Chennai,FinTech,"excel, sql, communication",1,17,2023-01-23
ML Engineer,Hyderabad,HealthTech,"tensorflow, deep learning, ml",1,14,2023-01-31
DevOps Engineer,Bangalore,FinTech,"linux, aws, kubernetes",5,23,2024-05-18
Data Analyst,Mumbai,EdTech,"excel, sql, python",5,21,2024-11-26
Data Analyst,Bangalore,IT,"python, power bi, sql",3,17,2024-01-30
Web Developer,Bangalore,EdTech,"react, html, javascript",5,16,2023-12-08
Cloud Engineer,Hyderabad,E-Commerce,"azure, linux, docker",6,23,2024-02-14
Data Analyst,Chennai,EdTech,"python, power bi, excel",0,18,2024-12-03
Software Engineer,Delhi,FinTech,"java, oops, sql",8,16,2023-02-23
DevOps Engineer,Pune,FinTech,"aws, kubernetes, linux",7,20,2024-07-08
ML Engineer,Chennai,E-Commerce,"deep learning, python, ml",2,5,2024-10-03
Cloud Engineer,Bangalore,E-Commerce,"linux, aws, docker",3,23,2024-05-28
Business Analyst,Hyderabad,EdTech,"excel, communication, sql",1,7,2024-07-17
ML Engineer,Delhi,E-Commerce,"deep learning, tensorflow, python",8,7,2024-05-22
Data Scientist,Delhi,EdTech,"statistics, sql, ml",5,13,2023-02-23
ML Engineer,Hyderabad,HealthTech,"ml, deep learning, python",1,7,2023-05-08
ML Engineer,Delhi,FinTech,"deep learning, python, tensorflow",4,18,2023-03-07
Cyber Security Analyst,Mumbai,EdTech,"linux, security, networking",7,18,2023-12-28
ML Engineer,Bangalore,HealthTech,"tensorflow, ml, deep learning",8,5,2023-01-28
DevOps Engineer,Pune,HealthTech,"docker, aws, linux",5,5,2024-07-22
DevOps Engineer,Chennai,FinTech,"aws, linux, docker",5,8,2023-02-07
Data Scientist,Pune,IT,"sql, python, statistics",0,9,2023-12-09
Software Engineer,Delhi,E-Commerce,"java, python, sql",5,7,2024-05-29
Software Engineer,Delhi,IT,"java, oops, sql",8,20,2023-07-21
DevOps Engineer,Hyderabad,FinTech,"linux, aws, docker",4,14,2024-08-23
Cloud Engineer,Hyderabad,E-Commerce,"docker, aws, linux",2,14,2024-05-27
AI Engineer,Mumbai,EdTech,"ai, python, nlp",5,23,2023-01-29
Data Scientist,Delhi,IT,"ml, sql, python",6,8,2023-06-07
DevOps Engineer,Mumbai,IT,"kubernetes, aws, docker",2,6,2023-04-01
Data Analyst,Chennai,EdTech,"excel, sql, power bi",5,17,2023-02-13
Data Analyst,Delhi,HealthTech,"excel, sql, python",4,22,2023-06-26
Cyber Security Analyst,Mumbai,E-Commerce,"security, networking, linux",6,19,2024-01-12
ML Engineer,Bangalore,FinTech,"deep learning, ml, python",0,19,2023-11-23
Software Engineer,Pune,HealthTech,"java, oops, python",2,19,2024-04-09
DevOps Engineer,Pune,E-Commerce,"docker, kubernetes, aws",6,4,2023-06-03
DevOps Engineer,Chennai,EdTech,"aws, linux, kubernetes",4,25,2023-07-12
Cyber Security Analyst,Mumbai,EdTech,"linux, networking, security",8,4,2023-08-08
Data Analyst,Chennai,IT,"excel, power bi, python",0,8,2023-08-20
Data Analyst,Pune,HealthTech,"sql, excel, power bi",5,4,2024-08-31
AI Engineer,Bangalore,HealthTech,"nlp, ml, ai",5,24,2024-04-08
Data Analyst,Delhi,EdTech,"excel, sql, power bi",7,13,2023-02-27
DevOps Engineer,Delhi,E-Commerce,"linux, docker, aws",7,15,2023-04-10
ML Engineer,Bangalore,E-Commerce,"ml, python, deep learning",3,9,2024-07-21
Data Analyst,Bangalore,HealthTech,"sql, python, excel",8,18,2023-06-28
Data Analyst,Pune,EdTech,"power bi, python, sql",1,7,2024-08-12
Cyber Security Analyst,Bangalore,FinTech,"security, linux, networking",1,9,2024-10-06
Software Engineer,Delhi,HealthTech,"sql, oops, python",4,25,2023-09-29
Cyber Security Analyst,Pune,HealthTech,"networking, security, linux",8,24,2023-06-08
Cloud Engineer,Hyderabad,E-Commerce,"azure, linux, aws",0,4,2024-01-03
Software Engineer,Hyderabad,HealthTech,"python, oops, java",5,19,2024-02-13
Data Scientist,Bangalore,EdTech,"python, sql, ml",6,13,2023-10-03
Data Analyst,Chennai,IT,"sql, python, power bi",8,5,2023-06-03
Software Engineer,Hyderabad,HealthTech,"oops, java, sql",7,10,2024-07-04
ML Engineer,Delhi,IT,"ml, tensorflow, python",1,17,2023-07-03
Cloud Engineer,Pune,HealthTech,"docker, linux, aws",3,7,2023-02-12
AI Engineer,Hyderabad,EdTech,"ai, nlp, ml",0,21,2023-09-01
Cloud Engineer,Pune,HealthTech,"aws, azure, linux",3,5,2023-06-22
Cyber Security Analyst,Delhi,IT,"security, networking, linux",5,17,2023-07-17
Data Scientist,Chennai,IT,"python, sql, statistics",0,11,2024-10-03
Cloud Engineer,Delhi,FinTech,"linux, docker, azure",8,21,2023-08-14
Software Engineer,Bangalore,IT,"java, sql, oops",4,16,2024-09-01
Business Analyst,Delhi,EdTech,"excel, communication, sql",5,24,2024-04-16
ML Engineer,Chennai,IT,"tensorflow, deep learning, ml",0,4,2023-03-24
Web Developer,Chennai,E-Commerce,"css, javascript, react",0,17,2024-10-25
ML Engineer,Chennai,HealthTech,"deep learning, tensorflow, python",8,25,2023-07-25
Software Engineer,Chennai,HealthTech,"python, oops, java",3,13,2023-09-12
DevOps Engineer,Pune,IT,"docker, kubernetes, aws",5,19,2024-01-01
Data Analyst,Hyderabad,E-Commerce,"excel, power bi, sql",4,24,2023-11-24
Cyber Security Analyst,Delhi,IT,"linux, networking, security",2,16,2024-04-06
Data Scientist,Delhi,EdTech,"statistics, ml, python",2,5,2023-03-18
Cloud Engineer,Chennai,E-Commerce,"docker, linux, aws",8,8,2024-05-18
ML Engineer,Hyderabad,HealthTech,"tensorflow, python, ml",1,23,2023-03-26
Data Analyst,Chennai,FinTech,"sql, python, excel",4,16,2023-07-16
Web Developer,Bangalore,HealthTech,"javascript, css, react",5,10,2023-02-12
Data Scientist,Pune,HealthTech,"statistics, sql, python",2,11,2023-12-18
Cloud Engineer,Delhi,E-Commerce,"linux, docker, aws",2,18,2024-07-08
DevOps Engineer,Pune,EdTech,"kubernetes, docker, aws",0,13,2024-10-20
Web Developer,Hyderabad,FinTech,"react, css, html",0,21,2023-03-05
Cloud Engineer,Hyderabad,EdTech,"docker, azure, linux",6,6,2023-11-26
Web Developer,Hyderabad,FinTech,"react, javascript, html",2,21,2023-10-10
DevOps Engineer,Delhi,FinTech,"linux, aws, kubernetes",4,22,2023-10-23
ML Engineer,Bangalore,HealthTech,"deep learning, tensorflow, ml",0,23,2024-10-27
DevOps Engineer,Bangalore,EdTech,"kubernetes, docker, linux",8,6,2023-12-06
Data Analyst,Pune,HealthTech,"excel, sql, power bi",0,12,2023-11-22
Business Analyst,Hyderabad,HealthTech,"excel, sql, communication",0,13,2024-12-01
Software Engineer,Chennai,E-Commerce,"java, sql, python",6,10,2023-12-08
AI Engineer,Mumbai,E-Commerce,"ai, python, ml",6,14,2023-06-27
DevOps Engineer,Mumbai,HealthTech,"aws, docker, linux",2,25,2023-04-11
DevOps Engineer,Hyderabad,HealthTech,"docker, linux, aws",6,13,2023-07-09
Cloud Engineer,Chennai,FinTech,"docker, aws, linux",3,8,2023-02-28
DevOps Engineer,Chennai,HealthTech,"kubernetes, aws, docker",8,3,2024-09-07
Business Analyst,Chennai,E-Commerce,"communication, sql, excel",5,11,2023-04-28
Web Developer,Mumbai,IT,"javascript, html, react",2,11,2023-07-03
Web Developer,Pune,E-Commerce,"react, html, css",4,8,2024-09-21
AI Engineer,Bangalore,FinTech,"ai, nlp, python",0,18,2023-04-21
AI Engineer,Bangalore,IT,"ai, ml, python",3,19,2024-08-16
Business Analyst,Chennai,IT,"excel, communication, sql",4,9,2024-07-27
AI Engineer,Mumbai,IT,"ml, nlp, python",0,9,2024-04-25
Data Analyst,Mumbai,E-Commerce,"excel, sql, power bi",5,21,2024-05-29
AI Engineer,Chennai,HealthTech,"ai, ml, python",8,25,2023-11-14
ML Engineer,Chennai,FinTech,"deep learning, tensorflow, python",1,20,2024-02-12
Cyber Security Analyst,Pune,FinTech,"security, linux, networking",3,21,2023-06-16
Cloud Engineer,Chennai,EdTech,"aws, linux, azure",1,21,2024-06-27
Data Analyst,Chennai,E-Commerce,"excel, python, sql",6,15,2024-02-28
Data Analyst,Bangalore,IT,"excel, python, power bi",8,8,2024-11-30
Data Scientist,Chennai,FinTech,"sql, ml, statistics",0,17,2023-07-17
Data Scientist,Pune,E-Commerce,"statistics, ml, python",4,21,2024-07-04
DevOps Engineer,Mumbai,E-Commerce,"docker, aws, kubernetes",8,19,2023-04-01
AI Engineer,Chennai,E-Commerce,"python, ml, ai",2,21,2023-07-10
Cloud Engineer,Pune,EdTech,"azure, docker, aws",0,23,2023-05-29
DevOps Engineer,Pune,EdTech,"linux, aws, kubernetes",4,19,2024-05-22
AI Engineer,Delhi,HealthTech,"python, ml, nlp",1,9,2024-02-21
Cyber Security Analyst,Hyderabad,HealthTech,"networking, linux, security",8,20,2023-08-20
Data Analyst,Bangalore,EdTech,"power bi, excel, sql",5,9,2023-03-16
Data Analyst,Delhi,E-Commerce,"excel, power bi, python",3,9,2023-03-13
ML Engineer,Mumbai,E-Commerce,"ml, python, deep learning",8,17,2023-11-16
Data Analyst,Pune,E-Commerce,"power bi, python, sql",8,11,2024-10-15
ML Engineer,Pune,EdTech,"ml, python, tensorflow",1,6,2023-08-07
AI Engineer,Bangalore,FinTech,"ai, python, nlp",7,7,2023-03-27
Data Scientist,Bangalore,FinTech,"statistics, sql, ml",6,11,2024-12-25
Data Scientist,Hyderabad,E-Commerce,"ml, statistics, python",3,21,2024-02-17
DevOps Engineer,Chennai,IT,"aws, kubernetes, linux",4,12,2024-12-04
Data Scientist,Mumbai,IT,"statistics, python, ml",8,5,2024-12-03
Data Scientist,Mumbai,FinTech,"statistics, sql, python",4,5,2023-03-26
Software Engineer,Hyderabad,EdTech,"python, java, oops",8,8,2024-10-05
Web Developer,Bangalore,EdTech,"react, css, html",0,9,2023-08-12
Web Developer,Delhi,HealthTech,"javascript, html, react",6,3,2024-01-04
Web Developer,Bangalore,FinTech,"css, react, javascript",2,25,2024-10-03
Data Analyst,Mumbai,EdTech,"python, excel, sql",0,23,2024-07-30
Cyber Security Analyst,Pune,IT,"linux, security, networking",4,21,2023-03-11
DevOps Engineer,Pune,IT,"kubernetes, linux, aws",1,9,2024-11-29
ML Engineer,Bangalore,E-Commerce,"deep learning, tensorflow, ml",3,3,2024-12-02
Web Developer,Pune,HealthTech,"css, react, html",8,13,2024-02-13
Cyber Security Analyst,Chennai,E-Commerce,"networking, linux, security",1,19,2024-07-30
Business Analyst,Pune,IT,"communication, excel, sql",7,8,2024-06-15
Business Analyst,Chennai,IT,"excel, sql, communication",4,15,2024-12-18
Data Analyst,Chennai,E-Commerce,"sql, excel, power bi",2,7,2024-08-01
Cloud Engineer,Bangalore,EdTech,"linux, azure, aws",3,21,2023-02-13
Cyber Security Analyst,Hyderabad,IT,"linux, networking, security",4,8,2023-11-16
Data Analyst,Mumbai,E-Commerce,"python, excel, sql",2,12,2024-06-24
DevOps Engineer,Mumbai,EdTech,"aws, kubernetes, linux",0,12,2024-01-23
DevOps Engineer,Pune,FinTech,"aws, linux, kubernetes",4,7,2023-05-22
Cyber Security Analyst,Delhi,HealthTech,"security, linux, networking",8,12,2023-05-17
ML Engineer,Pune,IT,"ml, python, deep learning",8,12,2024-07-20
Business Analyst,Bangalore,E-Commerce,"communication, sql, excel",0,21,2024-12-14
Web Developer,Pune,HealthTech,"javascript, html, react",5,3,2024-07-27
Cloud Engineer,Bangalore,HealthTech,"linux, aws, docker",0,19,2024-05-07
Cloud Engineer,Hyderabad,IT,"azure, docker, linux",7,8,2023-08-04
Cyber Security Analyst,Chennai,EdTech,"security, networking, linux",6,6,2024-11-15
ML Engineer,Chennai,IT,"python, ml, deep learning",3,25,2023-11-02
Software Engineer,Bangalore,IT,"sql, oops, java",0,15,2024-05-13
Data Analyst,Mumbai,E-Commerce,"sql, excel, python",4,3,2024-11-12
DevOps Engineer,Bangalore,E-Commerce,"kubernetes, aws, docker",4,19,2023-04-28
Data Scientist,Pune,IT,"statistics, sql, ml",0,5,2024-12-08
ML Engineer,Hyderabad,E-Commerce,"tensorflow, python, ml",6,25,2024-08-24
Data Scientist,Bangalore,IT,"ml, statistics, sql",8,14,2024-05-03
Web Developer,Pune,FinTech,"html, css, javascript",8,4,2023-11-11
Data Analyst,Hyderabad,HealthTech,"python, sql, power bi",1,25,2024-08-28
ML Engineer,Hyderabad,HealthTech,"tensorflow, python, ml",4,4,2024-11-02
Software Engineer,Delhi,EdTech,"python, sql, java",8,3,2024-11-18
Web Developer,Hyderabad,IT,"react, javascript, css",6,3,2023-10-17
ML Engineer,Chennai,IT,"deep learning, python, tensorflow",1,24,2024-12-02
Cyber Security Analyst,Hyderabad,IT,"networking, linux, security",8,16,2023-05-04
Cyber Security Analyst,Hyderabad,FinTech,"linux, security, networking",5,18,2024-01-27
Business Analyst,Pune,IT,"communication, sql, excel",5,13,2023-08-20
Cloud Engineer,Bangalore,E-Commerce,"azure, linux, docker",8,12,2023-01-25
Cloud Engineer,Delhi,EdTech,"aws, linux, docker",8,21,2024-05-02
ML Engineer,Delhi,FinTech,"ml, deep learning, tensorflow",8,17,2024-04-08
AI Engineer,Chennai,EdTech,"python, ai, nlp",0,18,2023-11-27
Business Analyst,Bangalore,HealthTech,"excel, communication, sql",7,7,2023-02-02
Web Developer,Mumbai,E-Commerce,"html, javascript, css",7,10,2024-06-06
Business Analyst,Mumbai,EdTech,"communication, excel, sql",3,17,2023-04-16
Data Analyst,Pune,HealthTech,"sql, power bi, excel",5,5,2023-03-25
Software Engineer,Hyderabad,FinTech,"python, java, oops",8,22,2024-06-15
ML Engineer,Bangalore,HealthTech,"ml, tensorflow, deep learning",2,19,2023-06-10
Data Scientist,Pune,EdTech,"ml, python, statistics",0,7,2024-03-04
Software Engineer,Delhi,IT,"java, python, oops",2,12,2024-07-22
Data Analyst,Bangalore,FinTech,"power bi, sql, python",7,13,2023-10-21
ML Engineer,Pune,HealthTech,"python, deep learning, tensorflow",1,13,2024-11-02
Data Analyst,Hyderabad,IT,"excel, python, sql",4,15,2023-07-02
DevOps Engineer,Chennai,E-Commerce,"kubernetes, docker, aws",8,23,2024-07-07
ML Engineer,Bangalore,E-Commerce,"python, ml, deep learning",8,3,2023-01-11
Software Engineer,Mumbai,EdTech,"python, oops, sql",2,11,2023-05-04
AI Engineer,Chennai,FinTech,"nlp, ai, python",7,7,2023-05-11
DevOps Engineer,Bangalore,HealthTech,"aws, docker, kubernetes",0,15,2023-05-28
Data Scientist,Mumbai,HealthTech,"statistics, sql, ml",4,8,2023-11-17
Business Analyst,Mumbai,EdTech,"communication, sql, excel",2,12,2024-08-29
AI Engineer,Mumbai,E-Commerce,"nlp, python, ml",7,18,2024-11-06
Cyber Security Analyst,Bangalore,E-Commerce,"linux, security, networking",0,18,2023-08-19
AI Engineer,Delhi,FinTech,"nlp, ai, python",2,24,2023-08-08
Software Engineer,Hyderabad,E-Commerce,"oops, python, java",0,14,2024-11-07
Data Analyst,Hyderabad,IT,"python, sql, power bi",8,8,2024-10-15
Cloud Engineer,Pune,FinTech,"azure, docker, aws",1,4,2024-09-14
Cloud Engineer,Chennai,EdTech,"linux, aws, docker",4,24,2024-01-10
Data Scientist,Pune,EdTech,"statistics, sql, ml",1,4,2024-09-05
Cyber Security Analyst,Delhi,EdTech,"linux, networking, security",8,11,2023-08-08
Cloud Engineer,Hyderabad,HealthTech,"azure, aws, docker",4,16,2023-09-13
Web Developer,Pune,EdTech,"html, css, react",0,19,2024-03-09
Cyber Security Analyst,Pune,HealthTech,"networking, linux, security",5,4,2024-10-18
Business Analyst,Chennai,IT,"sql, excel, communication",3,12,2023-08-18
Data Analyst,Bangalore,E-Commerce,"sql, python, excel",6,10,2023-05-04
Data Analyst,Bangalore,IT,"python, power bi, sql",5,11,2023-02-02
Web Developer,Pune,FinTech,"javascript, react, css",7,10,2023-05-01
Data Scientist,Hyderabad,EdTech,"ml, statistics, sql",7,10,2023-03-26
AI Engineer,Pune,HealthTech,"ai, nlp, ml",3,6,2023-09-16
DevOps Engineer,Chennai,FinTech,"kubernetes, aws, docker",2,22,2024-05-31
Cloud Engineer,Hyderabad,FinTech,"azure, docker, linux",2,15,2023-07-14
Data Analyst,Hyderabad,EdTech,"excel, python, sql",6,25,2024-05-12
Cyber Security Analyst,Mumbai,HealthTech,"networking, security, linux",5,13,2023-01-21
Web Developer,Hyderabad,HealthTech,"react, css, javascript",3,19,2024-07-27
Cyber Security Analyst,Bangalore,EdTech,"networking, linux, security",4,4,2023-03-19
Business Analyst,Hyderabad,IT,"excel, communication, sql",2,10,2024-11-08
Data Analyst,Pune,HealthTech,"power bi, excel, sql",4,8,2023-04-25
Cloud Engineer,Pune,E-Commerce,"aws, linux, azure",3,11,2023-08-27
Web Developer,Delhi,HealthTech,"react, css, html",0,7,2024-12-03
ML Engineer,Bangalore,IT,"tensorflow, ml, deep learning",6,7,2023-04-17
ML Engineer,Chennai,EdTech,"ml, python, tensorflow",1,14,2023-11-18
Software Engineer,Chennai,IT,"python, java, oops",1,22,2023-11-17
Cyber Security Analyst,Hyderabad,E-Commerce,"linux, networking, security",8,11,2023-11-28
AI Engineer,Chennai,IT,"ai, ml, nlp",3,20,2024-04-23
Business Analyst,Pune,HealthTech,"excel, sql, communication",3,13,2023-05-25
Data Analyst,Pune,E-Commerce,"power bi, excel, python",1,5,2024-01-26
Data Scientist,Bangalore,FinTech,"statistics, python, ml",0,8,2024-10-13
Business Analyst,Hyderabad,IT,"sql, excel, communication",4,24,2024-05-11
ML Engineer,Bangalore,FinTech,"ml, deep learning, tensorflow",3,9,2024-04-16
Data Scientist,Bangalore,E-Commerce,"python, sql, statistics",0,16,2023-05-09
Web Developer,Hyderabad,HealthTech,"css, react, html",2,20,2023-08-25
ML Engineer,Bangalore,EdTech,"python, ml, tensorflow",6,19,2023-09-23
Cyber Security Analyst,Delhi,EdTech,"networking, linux, security",1,14,2024-08-08
Business Analyst,Bangalore,E-Commerce,"communication, excel, sql",4,19,2023-03-11
Web Developer,Bangalore,IT,"html, react, javascript",3,8,2024-12-10
AI Engineer,Hyderabad,E-Commerce,"python, nlp, ml",4,13,2024-07-07
Web Developer,Chennai,HealthTech,"javascript, html, css",7,23,2024-10-10
DevOps Engineer,Mumbai,FinTech,"docker, kubernetes, aws",0,6,2023-08-14
Web Developer,Mumbai,E-Commerce,"javascript, html, react",0,16,2023-09-24
Data Scientist,Delhi,EdTech,"python, sql, ml",6,8,2023-06-19
ML Engineer,Bangalore,FinTech,"python, tensorflow, deep learning",1,5,2024-07-04
AI Engineer,Chennai,HealthTech,"ml, nlp, ai",8,25,2024-04-03
DevOps Engineer,Hyderabad,EdTech,"aws, linux, kubernetes",6,18,2024-09-28
ML Engineer,Pune,EdTech,"ml, deep learning, tensorflow",3,22,2023-07-23
Web Developer,Bangalore,IT,"html, css, react",0,3,2023-10-02
Data Scientist,Pune,IT,"python, statistics, ml",3,19,2024-05-22
Software Engineer,Bangalore,EdTech,"sql, oops, java",0,18,2024-07-22
ML Engineer,Chennai,E-Commerce,"deep learning, ml, tensorflow",6,11,2024-05-14
Data Scientist,Bangalore,IT,"python, sql, ml",6,16,2024-04-19
AI Engineer,Pune,E-Commerce,"ml, python, nlp",5,19,2024-02-12
DevOps Engineer,Bangalore,IT,"docker, aws, linux",3,23,2023-03-03
ML Engineer,Chennai,HealthTech,"ml, tensorflow, python",1,13,2023-08-17
Business Analyst,Mumbai,IT,"communication, excel, sql",1,8,2023-08-24
Business Analyst,Mumbai,HealthTech,"communication, sql, excel",4,6,2023-12-20
AI Engineer,Hyderabad,FinTech,"ml, ai, nlp",4,6,2024-08-29
Web Developer,Pune,FinTech,"javascript, html, react",4,15,2024-12-10
Web Developer,Pune,HealthTech,"react, javascript, css",3,4,2023-09-21
Cloud Engineer,Pune,HealthTech,"linux, docker, azure",5,14,2023-03-12
Cyber Security Analyst,Pune,EdTech,"security, linux, networking",5,7,2024-09-25
Cyber Security Analyst,Mumbai,FinTech,"security, linux, networking",2,19,2023-08-14
Data Analyst,Mumbai,EdTech,"power bi, sql, python",1,21,2023-03-28
Cloud Engineer,Hyderabad,E-Commerce,"linux, aws, azure",8,4,2023-09-12
DevOps Engineer,Mumbai,IT,"aws, linux, kubernetes",3,23,2023-01-23
DevOps Engineer,Bangalore,IT,"aws, linux, kubernetes",6,13,2024-07-25
AI Engineer,Pune,HealthTech,"nlp, ai, ml",7,6,2024-08-20
AI Engineer,Bangalore,EdTech,"nlp, ml, ai",2,15,2024-12-27
Web Developer,Chennai,E-Commerce,"react, html, css",3,23,2024-11-24
ML Engineer,Pune,E-Commerce,"python, ml, deep learning",3,24,2023-10-01
Cloud Engineer,Chennai,FinTech,"aws, docker, azure",2,23,2023-03-21
Web Developer,Chennai,IT,"html, css, react",2,8,2023-06-15
ML Engineer,Hyderabad,HealthTech,"tensorflow, python, deep learning",3,17,2023-11-18
Cloud Engineer,Chennai,IT,"aws, linux, azure",3,10,2023-07-17
Data Analyst,Bangalore,HealthTech,"excel, power bi, sql",5,14,2024-01-18
Data Scientist,Mumbai,FinTech,"statistics, ml, python",8,15,2023-10-12
Data Scientist,Hyderabad,EdTech,"ml, python, statistics",5,20,2024-05-08
Data Scientist,Delhi,E-Commerce,"statistics, sql, python",2,6,2024-06-06
DevOps Engineer,Delhi,EdTech,"linux, aws, kubernetes",3,13,2023-05-19
Cyber Security Analyst,Hyderabad,HealthTech,"networking, linux, security",1,18,2023-12-23
Software Engineer,Delhi,IT,"python, java, oops",6,15,2023-12-05
DevOps Engineer,Chennai,IT,"kubernetes, docker, aws",6,14,2023-08-18
Software Engineer,Hyderabad,E-Commerce,"sql, oops, java",5,15,2023-02-11
Software Engineer,Pune,FinTech,"oops, java, python",6,6,2024-11-16
Data Scientist,Chennai,HealthTech,"ml, python, sql",6,12,2023-11-20
ML Engineer,Hyderabad,IT,"tensorflow, ml, python",4,22,2023-01-04
Cyber Security Analyst,Chennai,HealthTech,"networking, security, linux",7,14,2024-05-19
Business Analyst,Hyderabad,FinTech,"excel, sql, communication",4,14,2024-06-23
DevOps Engineer,Pune,HealthTech,"kubernetes, docker, linux",8,9,2023-10-14
Data Scientist,Hyderabad,HealthTech,"python, sql, statistics",4,10,2024-12-17
Business Analyst,Delhi,EdTech,"excel, sql, communication",0,21,2024-04-09
Data Scientist,Hyderabad,IT,"ml, statistics, sql",2,9,2023-11-13
ML Engineer,Delhi,HealthTech,"deep learning, python, tensorflow",6,4,2024-03-07
DevOps Engineer,Pune,FinTech,"aws, linux, docker",8,10,2023-02-22
Cyber Security Analyst,Mumbai,E-Commerce,"security, linux, networking",4,25,2024-06-02
DevOps Engineer,Pune,EdTech,"aws, docker, kubernetes",0,9,2024-11-13
DevOps Engineer,Bangalore,HealthTech,"docker, linux, kubernetes",6,16,2024-09-12
ML Engineer,Pune,FinTech,"tensorflow, python, ml",2,16,2023-09-30
ML Engineer,Delhi,E-Commerce,"deep learning, python, ml",8,8,2024-02-16
Cyber Security Analyst,Pune,HealthTech,"security, networking, linux",0,15,2024-01-29
ML Engineer,Delhi,EdTech,"python, deep learning, tensorflow",0,9,2023-05-16
Business Analyst,Delhi,E-Commerce,"sql, communication, excel",1,23,2024-06-14
Software Engineer,Hyderabad,HealthTech,"python, java, oops",8,19,2023-11-18
ML Engineer,Pune,HealthTech,"tensorflow, ml, deep learning",5,18,2024-06-13
Cloud Engineer,Mumbai,E-Commerce,"linux, azure, docker",6,25,2024-09-06
Cloud Engineer,Hyderabad,E-Commerce,"aws, azure, linux",5,13,2023-07-20
ML Engineer,Hyderabad,EdTech,"deep learning, ml, python",7,20,2023-01-27
DevOps Engineer,Delhi,HealthTech,"linux, aws, kubernetes",8,19,2023-01-01
Software Engineer,Pune,E-Commerce,"java, oops, python",1,12,2024-07-07
Data Analyst,Delhi,IT,"power bi, sql, excel",4,24,2023-11-14
Data Scientist,Hyderabad,HealthTech,"python, sql, ml",3,22,2023-02-12
Cyber Security Analyst,Delhi,EdTech,"security, networking, linux",0,8,2023-01-18
DevOps Engineer,Pune,HealthTech,"kubernetes, linux, docker",3,9,2023-02-08
Software Engineer,Bangalore,EdTech,"oops, python, java",2,15,2023-02-25
Cyber Security Analyst,Pune,FinTech,"networking, linux, security",7,13,2024-02-04
Cyber Security Analyst,Mumbai,IT,"linux, networking, security",3,7,2024-04-06
AI Engineer,Mumbai,FinTech,"nlp, ml, ai",5,7,2024-11-27
Cyber Security Analyst,Mumbai,FinTech,"networking, linux, security",4,12,2023-11-24
Data Analyst,Delhi,E-Commerce,"excel, power bi, sql",3,11,2023-12-15
Business Analyst,Delhi,HealthTech,"sql, communication, excel",0,12,2024-01-01
ML Engineer,Chennai,HealthTech,"tensorflow, deep learning, ml",2,17,2023-12-30
DevOps Engineer,Hyderabad,FinTech,"docker, linux, aws",5,22,2023-07-21
Data Analyst,Chennai,HealthTech,"python, excel, power bi",0,18,2024-01-19
Cyber Security Analyst,Delhi,EdTech,"linux, networking, security",7,10,2024-01-15
Cloud Engineer,Bangalore,IT,"docker, azure, linux",0,4,2023-10-31
Data Scientist,Mumbai,E-Commerce,"sql, python, statistics",4,25,2023-09-02
DevOps Engineer,Bangalore,HealthTech,"docker, kubernetes, aws",7,25,2023-04-11
ML Engineer,Delhi,HealthTech,"ml, tensorflow, python",6,21,2024-03-12
Data Analyst,Mumbai,FinTech,"power bi, excel, python",3,19,2023-07-16
DevOps Engineer,Hyderabad,FinTech,"kubernetes, docker, aws",2,11,2024-03-17
Cloud Engineer,Hyderabad,FinTech,"azure, aws, docker",1,18,2023-09-08
Data Analyst,Delhi,E-Commerce,"python, excel, sql",4,18,2024-09-17
Cloud Engineer,Chennai,FinTech,"aws, docker, azure",8,3,2024-06-22
Data Analyst,Bangalore,E-Commerce,"python, excel, sql",5,5,2023-10-30
Cloud Engineer,Pune,IT,"aws, azure, linux",2,20,2024-03-21
ML Engineer,Pune,E-Commerce,"deep learning, python, ml",6,13,2024-11-15
ML Engineer,Bangalore,EdTech,"tensorflow, python, deep learning",0,3,2023-02-04
DevOps Engineer,Pune,E-Commerce,"docker, aws, kubernetes",4,8,2024-05-03
ML Engineer,Delhi,FinTech,"python, deep learning, ml",1,24,2024-02-14
DevOps Engineer,Hyderabad,FinTech,"docker, linux, aws",0,15,2024-04-04
Business Analyst,Hyderabad,EdTech,"sql, excel, communication",3,24,2023-10-18
Business Analyst,Delhi,HealthTech,"sql, excel, communication",1,21,2023-01-10
Data Scientist,Mumbai,E-Commerce,"ml, sql, python",0,7,2023-07-22
Business Analyst,Bangalore,HealthTech,"sql, communication, excel",5,23,2023-04-30
ML Engineer,Bangalore,HealthTech,"tensorflow, ml, python",4,8,2023-04-24
AI Engineer,Chennai,EdTech,"python, ai, ml",8,20,2023-03-31
Cyber Security Analyst,Delhi,E-Commerce,"security, linux, networking",0,25,2024-02-05
Cloud Engineer,Mumbai,EdTech,"aws, docker, azure",4,4,2024-03-13
Cyber Security Analyst,Delhi,E-Commerce,"linux, networking, security",3,17,2023-04-30
AI Engineer,Mumbai,FinTech,"ai, nlp, python",6,19,2024-03-24
Business Analyst,Hyderabad,FinTech,"communication, excel, sql",2,7,2023-07-29
Cloud Engineer,Chennai,HealthTech,"docker, aws, azure",2,13,2023-11-06
AI Engineer,Bangalore,E-Commerce,"ai, ml, python",6,22,2023-03-09
Cloud Engineer,Delhi,FinTech,"linux, azure, docker",3,22,2024-12-20
Software Engineer,Pune,E-Commerce,"sql, oops, python",8,11,2024-06-23
Cloud Engineer,Pune,HealthTech,"docker, azure, aws",1,5,2023-08-16
DevOps Engineer,Mumbai,E-Commerce,"kubernetes, linux, aws",2,12,2024-11-19
DevOps Engineer,Delhi,FinTech,"docker, linux, aws",1,14,2023-05-05
Cloud Engineer,Pune,E-Commerce,"azure, linux, docker",4,3,2023-11-04
ML Engineer,Delhi,EdTech,"ml, python, deep learning",4,12,2024-07-24
ML Engineer,Bangalore,EdTech,"tensorflow, ml, python",0,3,2023-04-24
Web Developer,Chennai,HealthTech,"react, html, css",3,24,2024-05-30
Cyber Security Analyst,Hyderabad,E-Commerce,"networking, security, linux",5,9,2024-02-19
Web Developer,Delhi,IT,"javascript, html, css",2,22,2024-06-16
Cyber Security Analyst,Mumbai,IT,"networking, linux, security",7,10,2024-05-09
AI Engineer,Delhi,IT,"ml, ai, nlp",3,10,2023-05-21
Software Engineer,Chennai,E-Commerce,"oops, sql, java",1,15,2023-06-30
Data Analyst,Mumbai,FinTech,"sql, python, excel",2,8,2024-11-08
Software Engineer,Hyderabad,EdTech,"java, sql, oops",8,25,2023-11-09
Software Engineer,Mumbai,FinTech,"sql, python, java",6,14,2023-05-14
Data Scientist,Delhi,HealthTech,"ml, sql, statistics",7,19,2024-07-10
Web Developer,Mumbai,HealthTech,"react, css, html",3,9,2023-07-28
Business Analyst,Chennai,E-Commerce,"sql, communication, excel",3,21,2023-02-23
Business Analyst,Hyderabad,IT,"communication, excel, sql",7,8,2024-06-07
DevOps Engineer,Chennai,FinTech,"kubernetes, aws, docker",2,3,2024-11-12
Business Analyst,Hyderabad,E-Commerce,"sql, excel, communication",5,16,2024-03-21
AI Engineer,Bangalore,FinTech,"ml, ai, python",6,10,2024-08-28
Web Developer,Hyderabad,IT,"css, react, javascript",2,22,2024-07-30
Web Developer,Mumbai,IT,"react, html, css",6,20,2023-04-25
ML Engineer,Bangalore,IT,"deep learning, ml, tensorflow",2,10,2024-04-03
Software Engineer,Delhi,FinTech,"sql, python, oops",7,15,2023-05-16
Data Analyst,Mumbai,EdTech,"python, power bi, sql",8,15,2023-04-06
AI Engineer,Chennai,E-Commerce,"ai, nlp, ml",5,24,2024-02-26
Data Analyst,Bangalore,EdTech,"python, power bi, excel",8,21,2023-03-08
Data Analyst,Mumbai,E-Commerce,"excel, python, power bi",6,24,2024-08-14
Cloud Engineer,Chennai,FinTech,"azure, docker, aws",8,5,2024-12-04
Cloud Engineer,Pune,HealthTech,"azure, aws, linux",0,7,2024-12-25
Software Engineer,Hyderabad,IT,"oops, sql, python",7,5,2023-01-17
AI Engineer,Chennai,EdTech,"python, ml, ai",1,14,2023-11-05
DevOps Engineer,Chennai,FinTech,"kubernetes, linux, docker",8,10,2024-01-14
Cloud Engineer,Hyderabad,EdTech,"linux, docker, azure",3,25,2023-10-04
Cloud Engineer,Delhi,FinTech,"docker, aws, azure",0,22,2024-08-27
Data Scientist,Chennai,HealthTech,"ml, sql, statistics",0,12,2024-01-30
Data Analyst,Hyderabad,IT,"sql, power bi, excel",6,20,2023-10-26
Software Engineer,Bangalore,E-Commerce,"sql, java, oops",5,17,2023-05-21
Software Engineer,Pune,HealthTech,"java, oops, python",7,12,2023-03-04
Data Analyst,Pune,E-Commerce,"excel, python, sql",7,10,2024-07-09
Cloud Engineer,Pune,EdTech,"linux, docker, azure",6,11,2023-01-07
ML Engineer,Mumbai,EdTech,"ml, deep learning, tensorflow",4,24,2023-10-25
Data Scientist,Pune,HealthTech,"statistics, sql, python",3,24,2024-11-23
Data Scientist,Bangalore,EdTech,"sql, ml, statistics",0,7,2023-01-29
DevOps Engineer,Mumbai,IT,"kubernetes, linux, docker",4,23,2024-11-08
Data Analyst,Chennai,E-Commerce,"power bi, sql, python",7,18,2023-07-04
Business Analyst,Chennai,EdTech,"excel, sql, communication",3,12,2023-12-10
Data Analyst,Bangalore,IT,"excel, power bi, python",3,10,2023-07-14
Software Engineer,Pune,IT,"sql, java, oops",6,16,2024-06-17
Business Analyst,Chennai,HealthTech,"excel, sql, communication",8,6,2024-03-11
Software Engineer,Mumbai,IT,"oops, java, sql",5,24,2024-10-23
AI Engineer,Mumbai,IT,"nlp, ml, ai",1,23,2024-04-28
Cyber Security Analyst,Delhi,FinTech,"linux, networking, security",0,23,2024-02-02
Cyber Security Analyst,Pune,EdTech,"networking, security, linux",6,16,2023-01-01
ML Engineer,Mumbai,FinTech,"python, ml, tensorflow",2,6,2023-08-29
Business Analyst,Chennai,E-Commerce,"excel, communication, sql",4,13,2023-02-04
Cyber Security Analyst,Delhi,FinTech,"linux, security, networking",2,19,2023-04-11
Cloud Engineer,Pune,IT,"azure, docker, linux",5,7,2023-06-03
Cyber Security Analyst,Mumbai,IT,"linux, networking, security",5,9,2024-11-27
Software Engineer,Pune,IT,"oops, sql, python",6,8,2023-06-02
Web Developer,Pune,E-Commerce,"css, html, javascript",0,19,2023-12-25
DevOps Engineer,Chennai,EdTech,"linux, kubernetes, aws",0,9,2024-02-17
AI Engineer,Mumbai,HealthTech,"python, ml, ai",2,22,2023-01-25
Software Engineer,Delhi,FinTech,"oops, python, java",6,25,2024-11-11
AI Engineer,Chennai,E-Commerce,"python, ai, ml",4,16,2024-04-14
Cyber Security Analyst,Hyderabad,FinTech,"networking, security, linux",5,19,2024-10-16
Business Analyst,Hyderabad,IT,"excel, communication, sql",2,14,2023-05-15
Software Engineer,Chennai,EdTech,"oops, python, java",8,8,2024-08-23
Cyber Security Analyst,Chennai,HealthTech,"networking, linux, security",7,18,2024-08-07
Business Analyst,Mumbai,EdTech,"sql, communication, excel",4,14,2024-05-07
Software Engineer,Hyderabad,HealthTech,"oops, java, sql",2,16,2024-03-02
AI Engineer,Delhi,E-Commerce,"ml, ai, python",0,24,2023-03-08
Cyber Security Analyst,Delhi,E-Commerce,"networking, security, linux",0,22,2024-04-02
Cyber Security Analyst,Hyderabad,EdTech,"security, networking, linux",7,10,2024-07-01
Web Developer,Hyderabad,E-Commerce,"html, javascript, react",3,7,2023-01-17
Business Analyst,Hyderabad,FinTech,"excel, sql, communication",4,11,2023-02-13
ML Engineer,Pune,IT,"ml, python, tensorflow",2,17,2023-06-10
Cyber Security Analyst,Bangalore,E-Commerce,"networking, linux, security",0,3,2023-11-28
DevOps Engineer,Bangalore,IT,"linux, docker, kubernetes",2,6,2023-11-11
Business Analyst,Chennai,EdTech,"communication, excel, sql",4,11,2024-05-12
AI Engineer,Bangalore,EdTech,"nlp, ml, python",7,24,2024-07-24
ML Engineer,Hyderabad,HealthTech,"ml, tensorflow, python",8,20,2023-02-18
ML Engineer,Pune,HealthTech,"tensorflow, ml, python",6,15,2023-01-06
Business Analyst,Delhi,HealthTech,"communication, sql, excel",3,23,2023-12-31
Software Engineer,Pune,FinTech,"java, python, sql",6,10,2024-12-30
ML Engineer,Bangalore,E-Commerce,"tensorflow, deep learning, python",7,13,2024-07-01
Data Scientist,Chennai,FinTech,"python, statistics, ml",5,17,2024-02-08
Business Analyst,Delhi,E-Commerce,"communication, excel, sql",7,3,2024-11-27
Business Analyst,Bangalore,FinTech,"excel, communication, sql",3,17,2024-01-27
ML Engineer,Mumbai,EdTech,"deep learning, tensorflow, python",4,8,2024-01-10
Data Analyst,Hyderabad,E-Commerce,"sql, python, excel",1,9,2024-10-24
Cyber Security Analyst,Pune,HealthTech,"networking, security, linux",8,24,2023-06-16
Cyber Security Analyst,Delhi,FinTech,"security, linux, networking",4,17,2024-04-22
Cloud Engineer,Chennai,FinTech,"docker, linux, azure",3,10,2023-07-03
AI Engineer,Chennai,FinTech,"ml, nlp, python",2,20,2025-01-01
Web Developer,Chennai,HealthTech,"css, html, javascript",4,13,2024-11-15
Cyber Security Analyst,Mumbai,EdTech,"security, linux, networking",7,8,2023-12-26
AI Engineer,Hyderabad,IT,"ai, ml, python",6,16,2023-12-06
Data Scientist,Chennai,E-Commerce,"statistics, ml, python",0,15,2024-07-16
ML Engineer,Bangalore,FinTech,"ml, tensorflow, deep learning",8,14,2023-09-26
Data Analyst,Chennai,FinTech,"sql, python, excel",1,7,2024-04-17
Web Developer,Hyderabad,FinTech,"javascript, css, html",5,18,2023-07-01
Data Analyst,Pune,HealthTech,"power bi, excel, sql",5,23,2023-12-20
Business Analyst,Chennai,EdTech,"communication, excel, sql",6,23,2024-06-25
DevOps Engineer,Chennai,EdTech,"kubernetes, linux, aws",5,7,2024-10-22
Business Analyst,Hyderabad,HealthTech,"sql, communication, excel",6,12,2023-06-18
Software Engineer,Delhi,EdTech,"oops, java, sql",5,15,2024-02-13
Web Developer,Chennai,IT,"css, react, javascript",3,20,2023-05-15
Software Engineer,Hyderabad,FinTech,"java, sql, oops",7,17,2023-09-20
Cyber Security Analyst,Bangalore,E-Commerce,"linux, networking, security",4,17,2023-01-16
Data Scientist,Bangalore,IT,"ml, python, statistics",1,14,2023-02-02
Software Engineer,Pune,HealthTech,"oops, sql, python",1,20,2023-11-19
AI Engineer,Bangalore,HealthTech,"ai, nlp, ml",4,21,2024-03-20
Data Analyst,Chennai,EdTech,"sql, power bi, python",6,3,2023-08-04
Web Developer,Hyderabad,HealthTech,"css, javascript, react",0,24,2024-10-15
AI Engineer,Bangalore,EdTech,"ml, ai, nlp",2,13,2023-04-23
AI Engineer,Mumbai,HealthTech,"python, nlp, ml",7,9,2024-10-30
DevOps Engineer,Pune,EdTech,"docker, linux, aws",2,9,2023-11-04
Software Engineer,Delhi,FinTech,"sql, java, python",1,25,2024-09-07
Software Engineer,Bangalore,HealthTech,"python, oops, java",6,23,2024-03-05
Cloud Engineer,Chennai,HealthTech,"linux, aws, azure",5,20,2023-09-01
Web Developer,Chennai,FinTech,"react, javascript, css",4,4,2024-04-29
DevOps Engineer,Chennai,FinTech,"aws, docker, kubernetes",8,5,2024-12-07
Cyber Security Analyst,Pune,E-Commerce,"networking, linux, security",5,6,2023-06-23
Data Scientist,Bangalore,FinTech,"ml, python, statistics",6,7,2023-05-04
AI Engineer,Pune,E-Commerce,"ai, python, nlp",0,21,2023-04-01
Data Analyst,Bangalore,E-Commerce,"power bi, sql, python",1,24,2024-02-20
AI Engineer,Delhi,FinTech,"nlp, python, ai",2,11,2023-07-03
Cyber Security Analyst,Delhi,IT,"security, linux, networking",1,4,2023-04-16
ML Engineer,Pune,HealthTech,"python, deep learning, tensorflow",3,22,2023-07-01
Data Analyst,Bangalore,EdTech,"excel, sql, power bi",1,16,2024-09-29
ML Engineer,Pune,IT,"python, tensorflow, deep learning",2,3,2024-02-16
Cyber Security Analyst,Hyderabad,EdTech,"networking, security, linux",7,16,2024-07-25
DevOps Engineer,Hyderabad,E-Commerce,"linux, kubernetes, aws",2,16,2023-01-11
Software Engineer,Mumbai,HealthTech,"sql, python, oops",6,10,2024-04-28
Software Engineer,Bangalore,EdTech,"sql, python, oops",7,10,2023-01-29
Data Scientist,Hyderabad,HealthTech,"python, sql, statistics",7,23,2024-02-14
Cyber Security Analyst,Delhi,IT,"linux, networking, security",6,8,2023-07-26
Cloud Engineer,Pune,FinTech,"linux, azure, docker",7,19,2023-07-19
Cyber Security Analyst,Delhi,FinTech,"linux, networking, security",6,18,2023-06-02
Cyber Security Analyst,Delhi,IT,"linux, security, networking",2,6,2023-10-28
Software Engineer,Mumbai,E-Commerce,"java, python, sql",0,18,2023-04-18
Cloud Engineer,Mumbai,EdTech,"docker, linux, aws",8,16,2023-02-01
DevOps Engineer,Delhi,E-Commerce,"docker, aws, kubernetes",6,24,2024-07-09
Web Developer,Delhi,IT,"react, css, javascript",5,14,2023-04-07
DevOps Engineer,Bangalore,FinTech,"aws, docker, kubernetes",2,6,2023-12-05
Cyber Security Analyst,Chennai,E-Commerce,"linux, networking, security",6,15,2023-07-06
DevOps Engineer,Hyderabad,FinTech,"docker, kubernetes, linux",2,5,2023-08-19
Software Engineer,Delhi,FinTech,"java, sql, oops",8,25,2024-06-04
DevOps Engineer,Delhi,EdTech,"docker, aws, linux",3,24,2023-02-15
DevOps Engineer,Chennai,E-Commerce,"linux, aws, docker",7,17,2023-08-18
Web Developer,Bangalore,EdTech,"css, html, javascript",3,15,2023-06-16
Cyber Security Analyst,Hyderabad,EdTech,"networking, linux, security",8,10,2023-05-03
Data Scientist,Hyderabad,EdTech,"statistics, sql, python",4,20,2024-05-31
Web Developer,Chennai,HealthTech,"javascript, html, react",7,12,2023-09-18
AI Engineer,Delhi,HealthTech,"nlp, python, ai",7,8,2023-06-17
AI Engineer,Delhi,HealthTech,"python, nlp, ai",7,10,2023-09-12
Web Developer,Pune,IT,"javascript, html, css",2,19,2024-06-13
Software Engineer,Mumbai,IT,"sql, oops, java",0,17,2024-12-30
ML Engineer,Hyderabad,HealthTech,"ml, python, deep learning",5,6,2023-03-22
ML Engineer,Chennai,HealthTech,"deep learning, tensorflow, python",4,14,2023-06-17
Software Engineer,Pune,EdTech,"oops, java, sql",4,8,2024-12-26
Software Engineer,Mumbai,HealthTech,"python, java, sql",1,8,2023-06-09
Software Engineer,Chennai,E-Commerce,"oops, python, java",8,5,2023-05-08
Business Analyst,Delhi,HealthTech,"excel, sql, communication",7,21,2024-12-14
Business Analyst,Chennai,E-Commerce,"sql, excel, communication",2,24,2023-03-13
AI Engineer,Delhi,IT,"ml, ai, python",0,3,2023-10-22
Data Scientist,Hyderabad,IT,"python, ml, sql",2,16,2024-06-03
Data Scientist,Mumbai,HealthTech,"sql, python, ml",3,13,2024-06-12
Cyber Security Analyst,Hyderabad,E-Commerce,"security, networking, linux",0,14,2023-04-08
Software Engineer,Mumbai,IT,"java, sql, python",5,14,2024-08-31
DevOps Engineer,Delhi,EdTech,"aws, kubernetes, linux",6,16,2023-02-17
DevOps Engineer,Pune,EdTech,"linux, docker, kubernetes",5,17,2023-09-15
Business Analyst,Pune,FinTech,"excel, communication, sql",6,23,2024-08-15
DevOps Engineer,Mumbai,E-Commerce,"aws, docker, linux",3,14,2024-07-22
Cloud Engineer,Mumbai,EdTech,"docker, linux, aws",4,22,2023-01-26
Data Scientist,Delhi,FinTech,"ml, python, sql",0,25,2024-12-18
ML Engineer,Mumbai,E-Commerce,"ml, deep learning, python",7,17,2023-11-03
Business Analyst,Chennai,FinTech,"excel, sql, communication",6,9,2023-12-01
Data Scientist,Bangalore,EdTech,"sql, python, ml",2,18,2024-05-06
DevOps Engineer,Delhi,EdTech,"linux, kubernetes, docker",2,24,2023-06-25
ML Engineer,Chennai,IT,"python, tensorflow, ml",2,24,2024-02-18
Cyber Security Analyst,Chennai,HealthTech,"networking, security, linux",1,7,2024-02-12
ML Engineer,Pune,HealthTech,"ml, python, tensorflow",7,9,2024-09-20
Software Engineer,Pune,HealthTech,"oops, python, sql",3,20,2023-12-17
DevOps Engineer,Mumbai,EdTech,"kubernetes, docker, linux",6,10,2023-10-27
Web Developer,Hyderabad,IT,"html, javascript, react",0,22,2024-12-01
Software Engineer,Hyderabad,HealthTech,"python, sql, oops",5,14,2023-07-27
AI Engineer,Hyderabad,HealthTech,"nlp, python, ml",3,15,2024-09-26
Business Analyst,Pune,EdTech,"communication, excel, sql",7,4,2024-01-27
Business Analyst,Mumbai,HealthTech,"excel, sql, communication",4,4,2023-09-19
Business Analyst,Mumbai,FinTech,"excel, communication, sql",3,18,2024-11-17
Business Analyst,Mumbai,FinTech,"sql, excel, communication",1,15,2023-01-24
Cyber Security Analyst,Chennai,HealthTech,"linux, networking, security",0,17,2023-05-27
Data Analyst,Bangalore,IT,"excel, sql, python",3,16,2024-05-11
Data Scientist,Hyderabad,FinTech,"statistics, sql, python",8,13,2023-09-27
Data Analyst,Hyderabad,EdTech,"sql, power bi, excel",6,11,2023-05-27
Software Engineer,Pune,FinTech,"java, oops, sql",1,22,2024-05-24
Software Engineer,Mumbai,IT,"python, sql, oops",0,22,2023-06-24
ML Engineer,Pune,HealthTech,"tensorflow, python, deep learning",1,17,2023-03-02
ML Engineer,Hyderabad,EdTech,"tensorflow, ml, python",8,18,2023-12-23
AI Engineer,Pune,EdTech,"ml, ai, python",5,20,2023-11-27
ML Engineer,Pune,EdTech,"deep learning, tensorflow, python",8,7,2024-11-02
AI Engineer,Delhi,EdTech,"ai, python, nlp",2,10,2024-08-02
Cloud Engineer,Mumbai,IT,"linux, docker, aws",2,25,2023-08-18
AI Engineer,Mumbai,HealthTech,"python, nlp, ml",0,18,2023-12-08
Software Engineer,Delhi,EdTech,"python, oops, java",2,9,2024-01-22
Cloud Engineer,Delhi,HealthTech,"aws, linux, docker",8,9,2024-06-21
Data Scientist,Pune,EdTech,"ml, python, statistics",6,13,2024-02-21
Business Analyst,Bangalore,E-Commerce,"sql, excel, communication",2,14,2024-08-14
Cloud Engineer,Mumbai,IT,"aws, linux, azure",5,19,2023-06-01
Cyber Security Analyst,Mumbai,HealthTech,"security, linux, networking",5,21,2024-10-02
Data Analyst,Hyderabad,HealthTech,"python, sql, power bi",2,12,2023-11-21
Cyber Security Analyst,Hyderabad,E-Commerce,"networking, security, linux",1,8,2023-10-14
Data Scientist,Mumbai,FinTech,"ml, statistics, sql",0,3,2023-04-25
AI Engineer,Mumbai,FinTech,"nlp, ai, python",8,19,2024-05-30
Cyber Security Analyst,Mumbai,E-Commerce,"security, linux, networking",5,16,2024-06-17
Data Scientist,Hyderabad,HealthTech,"statistics, ml, sql",7,17,2023-03-14
Web Developer,Delhi,HealthTech,"html, react, javascript",0,17,2024-11-25
Business Analyst,Pune,IT,"sql, communication, excel",2,17,2023-07-06
Business Analyst,Chennai,HealthTech,"communication, sql, excel",0,21,2024-07-23
Data Scientist,Mumbai,E-Commerce,"ml, sql, statistics",5,14,2024-02-18
Business Analyst,Bangalore,EdTech,"communication, sql, excel",8,13,2024-01-21
Data Scientist,Delhi,IT,"statistics, python, sql",0,8,2023-08-24
Cloud Engineer,Hyderabad,FinTech,"linux, aws, azure",1,19,2023-01-25
Software Engineer,Delhi,IT,"oops, java, sql",4,18,2023-04-24
Business Analyst,Hyderabad,HealthTech,"excel, sql, communication",6,16,2023-11-18
DevOps Engineer,Delhi,IT,"docker, aws, kubernetes",1,21,2023-03-12
Web Developer,Mumbai,EdTech,"javascript, html, react",0,21,2023-06-17
Web Developer,Delhi,FinTech,"css, javascript, react",8,15,2024-09-13
DevOps Engineer,Hyderabad,E-Commerce,"aws, kubernetes, linux",3,16,2024-12-14
AI Engineer,Delhi,FinTech,"ai, ml, python",7,23,2023-08-10
DevOps Engineer,Pune,IT,"linux, docker, kubernetes",5,6,2024-04-15
ML Engineer,Delhi,EdTech,"python, ml, deep learning",0,14,2024-12-14
Business Analyst,Hyderabad,IT,"communication, excel, sql",6,24,2024-08-31
Cloud Engineer,Delhi,EdTech,"docker, linux, azure",0,8,2024-09-07
Web Developer,Mumbai,FinTech,"css, react, html",7,25,2024-05-30
Data Scientist,Delhi,IT,"statistics, ml, sql",1,3,2024-07-19
Business Analyst,Bangalore,E-Commerce,"excel, sql, communication",7,9,2024-03-04
AI Engineer,Pune,EdTech,"ml, nlp, ai",0,12,2024-08-25
Cyber Security Analyst,Mumbai,IT,"security, linux, networking",7,20,2023-06-22
Web Developer,Pune,EdTech,"css, javascript, html",3,24,2023-04-06
DevOps Engineer,Bangalore,FinTech,"linux, docker, aws",7,14,2024-08-29
Business Analyst,Chennai,HealthTech,"communication, sql, excel",5,6,2023-06-06
Cyber Security Analyst,Bangalore,E-Commerce,"networking, security, linux",7,16,2023-03-09
Cloud Engineer,Hyderabad,HealthTech,"aws, docker, azure",2,10,2024-09-19
AI Engineer,Mumbai,E-Commerce,"python, ai, nlp",2,25,2023-09-21
Data Scientist,Hyderabad,FinTech,"statistics, sql, ml",7,20,2024-11-24
Cloud Engineer,Mumbai,FinTech,"aws, azure, docker",4,22,2024-03-19
Software Engineer,Delhi,HealthTech,"python, oops, java",8,21,2023-01-07
AI Engineer,Mumbai,E-Commerce,"nlp, ml, python",3,9,2023-01-31
ML Engineer,Chennai,HealthTech,"python, deep learning, tensorflow",4,18,2023-01-21
Software Engineer,Hyderabad,IT,"python, oops, java",5,6,2024-04-18
Cloud Engineer,Pune,EdTech,"aws, linux, azure",5,11,2023-04-07
Cyber Security Analyst,Bangalore,E-Commerce,"security, networking, linux",8,4,2023-03-11
DevOps Engineer,Bangalore,EdTech,"kubernetes, docker, aws",8,8,2024-10-28
Business Analyst,Chennai,FinTech,"communication, sql, excel",7,4,2024-05-23
Software Engineer,Hyderabad,EdTech,"python, java, sql",5,22,2023-04-21
Business Analyst,Delhi,FinTech,"communication, excel, sql",3,23,2024-10-03
ML Engineer,Delhi,HealthTech,"deep learning, python, tensorflow",1,21,2023-09-22
Data Analyst,Delhi,EdTech,"python, sql, power bi",1,24,2023-10-16
ML Engineer,Mumbai,E-Commerce,"tensorflow, ml, deep learning",4,21,2024-12-21
Business Analyst,Hyderabad,FinTech,"sql, excel, communication",6,6,2023-07-04
Cloud Engineer,Delhi,IT,"aws, azure, linux",2,18,2024-05-05
Data Scientist,Pune,IT,"sql, statistics, ml",5,3,2024-08-06
Data Scientist,Delhi,E-Commerce,"statistics, ml, python",6,20,2024-11-06
Cyber Security Analyst,Delhi,EdTech,"linux, security, networking",1,5,2023-02-19
Software Engineer,Bangalore,IT,"python, oops, java",3,24,2024-04-19
Data Analyst,Delhi,IT,"excel, sql, power bi",8,13,2024-05-28
Web Developer,Chennai,EdTech,"css, html, react",6,21,2025-01-01
Data Analyst,Bangalore,E-Commerce,"python, power bi, sql",7,9,2023-10-13
DevOps Engineer,Chennai,HealthTech,"linux, kubernetes, aws",0,23,2024-06-20
Data Analyst,Hyderabad,EdTech,"python, sql, excel",5,20,2024-10-31
ML Engineer,Chennai,IT,"deep learning, python, tensorflow",1,25,2023-02-23
Web Developer,Delhi,FinTech,"javascript, react, html",8,16,2024-11-16
Data Scientist,Chennai,HealthTech,"ml, sql, python",3,5,2024-10-01
Cloud Engineer,Delhi,FinTech,"linux, azure, aws",4,13,2024-04-13
ML Engineer,Bangalore,EdTech,"ml, tensorflow, deep learning",3,13,2024-10-05
Data Analyst,Mumbai,HealthTech,"power bi, excel, sql",8,22,2023-12-14
Cloud Engineer,Pune,HealthTech,"linux, aws, azure",3,13,2024-08-08
Cyber Security Analyst,Chennai,E-Commerce,"networking, linux, security",0,18,2024-04-23
Business Analyst,Delhi,IT,"excel, communication, sql",2,10,2023-11-27
AI Engineer,Pune,EdTech,"nlp, ml, python",8,14,2023-09-10
Web Developer,Bangalore,HealthTech,"javascript, html, react",3,5,2024-08-30
Business Analyst,Mumbai,EdTech,"communication, excel, sql",7,4,2024-12-30
ML Engineer,Chennai,HealthTech,"deep learning, tensorflow, ml",8,11,2023-07-08
Data Scientist,Hyderabad,IT,"python, statistics, ml",5,24,2024-08-16
DevOps Engineer,Pune,IT,"linux, aws, kubernetes",3,25,2023-03-05
Business Analyst,Mumbai,FinTech,"sql, excel, communication",1,17,2024-10-22
ML Engineer,Pune,FinTech,"tensorflow, ml, deep learning",3,17,2023-02-20
Cyber Security Analyst,Chennai,EdTech,"networking, linux, security",2,13,2023-02-08
AI Engineer,Bangalore,EdTech,"ml, python, ai",6,7,2023-01-31
Web Developer,Pune,HealthTech,"css, react, javascript",0,11,2024-04-23
DevOps Engineer,Pune,EdTech,"aws, linux, kubernetes",4,22,2024-10-13
Business Analyst,Delhi,HealthTech,"communication, excel, sql",1,4,2024-05-22
Software Engineer,Chennai,HealthTech,"python, sql, oops",1,5,2024-06-17
Cloud Engineer,Bangalore,HealthTech,"azure, aws, docker",1,21,2023-09-05
Software Engineer,Delhi,IT,"oops, sql, python",4,4,2023-06-03
Data Scientist,Mumbai,IT,"sql, ml, statistics",1,22,2024-03-13
Software Engineer,Delhi,HealthTech,"python, oops, sql",6,16,2024-10-05
Data Scientist,Delhi,IT,"statistics, python, sql",2,13,2024-06-03
Software Engineer,Chennai,IT,"oops, python, java",4,25,2023-05-16
Cyber Security Analyst,Chennai,IT,"networking, linux, security",3,4,2023-09-11
Cyber Security Analyst,Chennai,E-Commerce,"networking, security, linux",2,23,2023-07-13
Software Engineer,Chennai,HealthTech,"python, sql, oops",6,15,2024-10-12
DevOps Engineer,Pune,E-Commerce,"aws, kubernetes, docker",1,12,2024-11-16
Business Analyst,Bangalore,EdTech,"sql, communication, excel",2,18,2024-07-20
Cloud Engineer,Hyderabad,IT,"docker, linux, aws",0,8,2024-07-06
DevOps Engineer,Delhi,FinTech,"kubernetes, docker, linux",6,15,2024-01-29
Cloud Engineer,Chennai,EdTech,"azure, linux, aws",1,11,2023-04-19
Cloud Engineer,Pune,IT,"aws, linux, azure",5,11,2024-06-07
Data Analyst,Pune,FinTech,"excel, sql, power bi",0,8,2023-11-11
Cyber Security Analyst,Mumbai,FinTech,"networking, security, linux",1,6,2024-03-18
Data Scientist,Delhi,IT,"ml, sql, statistics",8,3,2024-05-08
Data Analyst,Hyderabad,IT,"excel, power bi, python",6,15,2024-10-13
Business Analyst,Chennai,FinTech,"excel, sql, communication",6,3,2023-02-05
DevOps Engineer,Bangalore,E-Commerce,"docker, aws, kubernetes",6,22,2024-07-26
Data Scientist,Hyderabad,FinTech,"ml, sql, python",3,10,2024-05-06
Data Analyst,Bangalore,IT,"excel, sql, python",0,15,2023-05-27
DevOps Engineer,Mumbai,FinTech,"kubernetes, docker, linux",5,19,2023-06-26
Software Engineer,Pune,EdTech,"java, sql, oops",1,13,2023-05-11
Business Analyst,Mumbai,FinTech,"sql, excel, communication",3,21,2024-02-17
Cyber Security Analyst,Chennai,EdTech,"security, linux, networking",5,20,2024-03-24
Business Analyst,Delhi,E-Commerce,"excel, communication, sql",7,16,2023-04-06
Data Scientist,Pune,HealthTech,"ml, statistics, python",0,23,2023-11-02
Data Scientist,Delhi,E-Commerce,"ml, python, sql",7,18,2024-08-25
DevOps Engineer,Hyderabad,FinTech,"kubernetes, aws, docker",6,13,2024-10-06
Data Analyst,Chennai,E-Commerce,"power bi, sql, excel",8,15,2024-06-10
Web Developer,Mumbai,E-Commerce,"react, html, javascript",1,10,2023-04-28
Business Analyst,Delhi,HealthTech,"excel, communication, sql",5,9,2024-09-11
Cyber Security Analyst,Chennai,IT,"security, networking, linux",5,9,2024-12-26
Data Analyst,Hyderabad,IT,"excel, python, power bi",3,21,2023-01-08
Cloud Engineer,Delhi,FinTech,"docker, aws, azure",8,24,2023-09-19
Cloud Engineer,Pune,HealthTech,"azure, linux, aws",6,21,2024-09-11
Data Scientist,Chennai,FinTech,"sql, ml, statistics",1,11,2023-01-30
Data Analyst,Pune,FinTech,"python, power bi, excel",3,22,2023-11-09
ML Engineer,Pune,IT,"python, ml, tensorflow",1,15,2023-02-04
Data Analyst,Delhi,IT,"excel, power bi, sql",7,16,2024-10-08
Cyber Security Analyst,Delhi,FinTech,"linux, security, networking",7,15,2024-02-08
AI Engineer,Delhi,EdTech,"ml, python, nlp",7,22,2024-07-15
Web Developer,Mumbai,EdTech,"javascript, css, react",8,5,2024-02-24
ML Engineer,Hyderabad,HealthTech,"deep learning, ml, python",6,16,2023-08-23
AI Engineer,Delhi,EdTech,"python, nlp, ml",1,8,2024-08-17
AI Engineer,Hyderabad,EdTech,"ai, python, nlp",5,25,2023-11-27
Software Engineer,Hyderabad,EdTech,"java, python, sql",1,11,2024-04-03
Cyber Security Analyst,Hyderabad,HealthTech,"security, networking, linux",8,9,2023-01-27
Software Engineer,Mumbai,IT,"java, oops, sql",8,13,2024-01-20
Data Scientist,Bangalore,HealthTech,"ml, python, sql",3,7,2023-01-16
Cyber Security Analyst,Bangalore,FinTech,"linux, security, networking",4,4,2024-12-26
Software Engineer,Hyderabad,EdTech,"python, java, sql",7,11,2023-10-31
Software Engineer,Chennai,HealthTech,"python, oops, sql",7,19,2023-11-19
AI Engineer,Delhi,E-Commerce,"ml, python, ai",4,16,2024-12-24
Cyber Security Analyst,Bangalore,HealthTech,"networking, security, linux",2,18,2023-06-11
DevOps Engineer,Hyderabad,IT,"docker, aws, kubernetes",7,15,2023-03-06
Cloud Engineer,Chennai,HealthTech,"azure, aws, linux",0,10,2023-08-10
Cyber Security Analyst,Delhi,FinTech,"linux, networking, security",4,21,2023-06-27
Cyber Security Analyst,Mumbai,EdTech,"networking, security, linux",3,12,2023-07-31
ML Engineer,Chennai,FinTech,"ml, deep learning, python",7,17,2023-07-27
Cloud Engineer,Mumbai,IT,"azure, docker, aws",3,3,2024-09-12
Web Developer,Delhi,EdTech,"html, css, react",8,8,2023-05-18
AI Engineer,Mumbai,IT,"ai, python, nlp",5,9,2024-08-20
Cyber Security Analyst,Bangalore,EdTech,"security, linux, networking",1,21,2023-06-04
Web Developer,Bangalore,EdTech,"javascript, react, css",3,22,2023-07-25
Web Developer,Pune,EdTech,"html, css, javascript",0,17,2023-07-29
ML Engineer,Hyderabad,FinTech,"python, deep learning, tensorflow",5,5,2024-11-21
Business Analyst,Pune,FinTech,"communication, sql, excel",3,17,2024-05-10
Software Engineer,Bangalore,IT,"sql, java, python",7,13,2024-02-04
AI Engineer,Hyderabad,EdTech,"python, nlp, ai",1,12,2023-06-25
Cloud Engineer,Mumbai,EdTech,"azure, linux, docker",4,23,2023-03-27
Web Developer,Pune,FinTech,"html, javascript, react",3,16,2024-11-10
Software Engineer,Hyderabad,HealthTech,"sql, python, oops",2,22,2024-08-28
Web Developer,Delhi,EdTech,"css, javascript, react",8,5,2024-09-20
ML Engineer,Chennai,FinTech,"deep learning, ml, tensorflow",5,22,2023-09-12
Web Developer,Chennai,E-Commerce,"css, html, react",7,11,2024-02-01
Data Scientist,Mumbai,E-Commerce,"python, statistics, ml",6,14,2023-06-22
ML Engineer,Chennai,FinTech,"ml, tensorflow, deep learning",8,13,2023-12-05
AI Engineer,Chennai,EdTech,"nlp, ml, python",6,22,2023-09-15
DevOps Engineer,Bangalore,FinTech,"linux, aws, kubernetes",3,14,2024-07-11
Cloud Engineer,Chennai,HealthTech,"aws, azure, linux",1,6,2023-09-28
Web Developer,Hyderabad,EdTech,"javascript, html, css",7,20,2024-06-02
DevOps Engineer,Delhi,E-Commerce,"aws, kubernetes, docker",2,13,2023-06-07
Cloud Engineer,Hyderabad,HealthTech,"aws, linux, docker",3,25,2024-02-23
Web Developer,Bangalore,E-Commerce,"css, javascript, html",2,5,2023-07-15
Web Developer,Hyderabad,E-Commerce,"css, javascript, html",0,21,2024-11-30
AI Engineer,Mumbai,HealthTech,"python, ml, ai",3,19,2023-08-20
Cyber Security Analyst,Pune,EdTech,"security, networking, linux",3,21,2024-07-19
AI Engineer,Chennai,EdTech,"ai, ml, nlp",7,19,2023-09-03
Web Developer,Chennai,HealthTech,"css, html, javascript",5,12,2023-09-27
Data Analyst,Mumbai,EdTech,"excel, python, sql",6,14,2024-05-15
Software Engineer,Bangalore,IT,"oops, java, sql",1,20,2024-10-10
Web Developer,Chennai,HealthTech,"react, javascript, css",2,18,2023-11-14
Data Scientist,Chennai,FinTech,"statistics, sql, ml",1,15,2023-05-24
Data Analyst,Bangalore,E-Commerce,"power bi, sql, python",2,17,2023-03-03
Web Developer,Pune,E-Commerce,"javascript, react, html",1,24,2024-06-21
ML Engineer,Pune,HealthTech,"deep learning, tensorflow, ml",1,12,2024-12-29
AI Engineer,Bangalore,FinTech,"python, ml, ai",7,20,2023-01-26
Web Developer,Mumbai,IT,"javascript, react, css",6,3,2024-03-12
Cloud Engineer,Bangalore,E-Commerce,"azure, docker, aws",3,21,2023-02-06
AI Engineer,Bangalore,FinTech,"nlp, ai, ml",3,7,2024-10-17
Cloud Engineer,Hyderabad,HealthTech,"aws, azure, linux",1,22,2024-04-15
Cyber Security Analyst,Hyderabad,IT,"security, networking, linux",0,6,2023-03-13
Data Analyst,Pune,HealthTech,"sql, excel, python",2,6,2024-06-26
Cloud Engineer,Mumbai,E-Commerce,"docker, linux, aws",1,24,2024-03-13
Business Analyst,Chennai,FinTech,"sql, communication, excel",2,10,2024-05-28
ML Engineer,Delhi,IT,"ml, tensorflow, python",1,17,2023-11-17
DevOps Engineer,Delhi,IT,"kubernetes, linux, aws",5,13,2023-07-15
Cyber Security Analyst,Bangalore,EdTech,"networking, security, linux",2,7,2023-11-17
AI Engineer,Mumbai,EdTech,"ml, ai, python",6,10,2023-05-16
Web Developer,Hyderabad,EdTech,"css, javascript, html",5,24,2023-10-18
Data Scientist,Hyderabad,IT,"statistics, sql, python",1,3,2024-08-29
Cloud Engineer,Hyderabad,FinTech,"aws, linux, azure",2,19,2023-08-23
Data Scientist,Mumbai,E-Commerce,"ml, python, sql",5,21,2023-12-18
ML Engineer,Pune,HealthTech,"tensorflow, ml, deep learning",7,6,2023-03-04
DevOps Engineer,Bangalore,E-Commerce,"docker, aws, linux",1,11,2024-04-28
DevOps Engineer,Chennai,E-Commerce,"aws, linux, kubernetes",6,16,2023-04-17
AI Engineer,Hyderabad,FinTech,"nlp, ml, python",7,5,2024-08-17
Web Developer,Bangalore,HealthTech,"react, css, html",5,24,2023-07-16
Software Engineer,Bangalore,EdTech,"sql, oops, java",1,22,2024-10-31
Web Developer,Delhi,HealthTech,"react, html, javascript",2,14,2024-12-15
Cloud Engineer,Chennai,EdTech,"linux, aws, azure",7,7,2023-07-17
Cloud Engineer,Bangalore,E-Commerce,"aws, docker, linux",4,21,2023-07-13
Cyber Security Analyst,Mumbai,E-Commerce,"linux, security, networking",2,22,2024-10-18
AI Engineer,Chennai,E-Commerce,"ai, nlp, python",8,6,2024-03-26
Software Engineer,Bangalore,FinTech,"python, sql, java",5,20,2023-09-19
Web Developer,Pune,E-Commerce,"html, css, react",5,16,2024-10-30
AI Engineer,Hyderabad,E-Commerce,"nlp, ai, python",0,12,2024-06-11
Data Scientist,Delhi,HealthTech,"python, sql, ml",6,25,2024-12-28
Data Analyst,Hyderabad,EdTech,"power bi, excel, sql",8,19,2023-04-14
Cyber Security Analyst,Hyderabad,HealthTech,"linux, security, networking",1,6,2023-08-11
Cloud Engineer,Hyderabad,IT,"aws, azure, docker",6,21,2024-03-27
Cloud Engineer,Hyderabad,IT,"linux, docker, azure",4,16,2023-03-25
Data Analyst,Chennai,FinTech,"python, sql, excel",8,15,2024-09-27
Cyber Security Analyst,Delhi,EdTech,"linux, networking, security",6,6,2023-05-13
Software Engineer,Chennai,FinTech,"oops, sql, python",7,22,2023-06-10
Software Engineer,Delhi,FinTech,"python, java, sql",2,19,2024-09-11
AI Engineer,Pune,HealthTech,"ml, python, ai",8,10,2023-01-19
Cyber Security Analyst,Mumbai,FinTech,"networking, security, linux",1,8,2023-10-14
Data Scientist,Delhi,EdTech,"python, sql, ml",8,8,2023-11-04
Cloud Engineer,Delhi,FinTech,"docker, linux, aws",3,24,2023-11-22
Cloud Engineer,Pune,IT,"linux, docker, azure",2,21,2023-12-19
Data Scientist,Chennai,EdTech,"sql, statistics, python",0,11,2023-05-04
Web Developer,Mumbai,EdTech,"javascript, html, css",0,15,2024-11-26
DevOps Engineer,Pune,E-Commerce,"kubernetes, aws, linux",4,8,2023-07-31
Business Analyst,Bangalore,IT,"communication, sql, excel",0,13,2023-09-08
Web Developer,Pune,FinTech,"javascript, html, css",0,11,2023-09-14
DevOps Engineer,Chennai,IT,"aws, linux, docker",6,10,2024-09-22
AI Engineer,Bangalore,HealthTech,"ai, python, nlp",5,4,2024-05-04
Cyber Security Analyst,Hyderabad,FinTech,"security, networking, linux",6,17,2024-08-07
Data Analyst,Hyderabad,E-Commerce,"python, excel, sql",8,19,2023-01-12
Cyber Security Analyst,Mumbai,EdTech,"security, linux, networking",4,11,2023-02-27
Cloud Engineer,Hyderabad,E-Commerce,"docker, aws, azure",7,12,2024-03-13
AI Engineer,Bangalore,EdTech,"nlp, ai, python",0,5,2024-01-01
ML Engineer,Hyderabad,HealthTech,"tensorflow, deep learning, python",6,18,2023-02-02
Software Engineer,Hyderabad,EdTech,"java, sql, oops",4,21,2023-09-23
Cloud Engineer,Hyderabad,IT,"linux, azure, docker",6,6,2023-04-01
Data Analyst,Hyderabad,HealthTech,"power bi, python, sql",1,21,2023-03-15
ML Engineer,Chennai,IT,"tensorflow, ml, deep learning",1,3,2023-11-02
Web Developer,Bangalore,E-Commerce,"html, css, react",1,24,2023-01-09
Software Engineer,Bangalore,FinTech,"java, python, oops",7,7,2023-05-16
Cloud Engineer,Hyderabad,FinTech,"linux, docker, azure",6,5,2023-05-03
Data Analyst,Hyderabad,IT,"power bi, excel, python",8,18,2023-08-25
Business Analyst,Delhi,EdTech,"excel, sql, communication",3,14,2023-03-07
ML Engineer,Mumbai,EdTech,"tensorflow, deep learning, ml",4,13,2024-04-19
Business Analyst,Chennai,HealthTech,"excel, communication, sql",8,3,2024-05-22
Web Developer,Delhi,E-Commerce,"css, react, html",2,8,2023-12-22
Business Analyst,Mumbai,EdTech,"excel, sql, communication",4,22,2024-09-26
Data Scientist,Mumbai,HealthTech,"statistics, sql, python",0,5,2024-08-24
Cyber Security Analyst,Chennai,FinTech,"linux, security, networking",1,23,2023-10-03
ML Engineer,Chennai,IT,"ml, tensorflow, python",8,18,2024-05-16
Data Analyst,Chennai,EdTech,"excel, sql, python",0,21,2023-08-25
Data Analyst,Chennai,EdTech,"excel, power bi, sql",5,25,2023-08-06
AI Engineer,Delhi,FinTech,"ai, ml, python",6,4,2024-08-03
ML Engineer,Pune,E-Commerce,"deep learning, tensorflow, python",3,24,2023-11-25
Web Developer,Chennai,FinTech,"html, javascript, css",2,4,2024-06-26
Software Engineer,Hyderabad,EdTech,"oops, python, java",7,24,2023-10-05
AI Engineer,Pune,FinTech,"nlp, ml, ai",0,15,2024-03-27
DevOps Engineer,Chennai,IT,"docker, aws, linux",2,5,2024-06-21
DevOps Engineer,Chennai,EdTech,"linux, kubernetes, docker",1,7,2023-02-10
AI Engineer,Pune,EdTech,"ml, python, ai",5,22,2024-05-01
DevOps Engineer,Delhi,E-Commerce,"linux, aws, kubernetes",3,19,2023-02-21
ML Engineer,Pune,IT,"ml, deep learning, python",1,5,2024-01-26
ML Engineer,Pune,EdTech,"tensorflow, ml, python",0,18,2024-03-28
Data Scientist,Pune,EdTech,"ml, python, sql",4,21,2023-10-09
Web Developer,Hyderabad,EdTech,"html, css, javascript",4,24,2023-02-25
ML Engineer,Mumbai,IT,"python, tensorflow, deep learning",8,12,2023-10-13
DevOps Engineer,Hyderabad,IT,"kubernetes, docker, aws",1,21,2024-01-03
Web Developer,Chennai,E-Commerce,"css, javascript, react",7,25,2024-07-22
DevOps Engineer,Chennai,HealthTech,"aws, docker, linux",8,8,2024-08-22
ML Engineer,Pune,IT,"tensorflow, ml, deep learning",2,5,2023-12-14
Software Engineer,Hyderabad,FinTech,"java, oops, python",1,16,2023-07-22
Software Engineer,Delhi,HealthTech,"java, oops, python",0,14,2024-10-16
Web Developer,Chennai,HealthTech,"javascript, html, css",7,13,2024-06-13
ML Engineer,Hyderabad,HealthTech,"deep learning, ml, python",4,21,2024-01-23
Cyber Security Analyst,Chennai,FinTech,"linux, networking, security",5,22,2024-10-13
Web Developer,Pune,HealthTech,"css, html, javascript",1,15,2023-01-01
Software Engineer,Bangalore,IT,"java, oops, sql",2,18,2023-05-01
Business Analyst,Delhi,E-Commerce,"communication, excel, sql",2,11,2023-11-22
Business Analyst,Chennai,EdTech,"sql, excel, communication",3,20,2023-08-03
Data Analyst,Delhi,HealthTech,"sql, excel, python",4,25,2024-01-23
Cloud Engineer,Delhi,E-Commerce,"aws, docker, linux",8,16,2024-07-26
Cloud Engineer,Mumbai,HealthTech,"linux, azure, aws",8,5,2024-09-02
AI Engineer,Delhi,E-Commerce,"ml, ai, nlp",8,17,2024-01-27
ML Engineer,Bangalore,HealthTech,"tensorflow, deep learning, ml",6,14,2024-06-20
ML Engineer,Pune,FinTech,"deep learning, python, tensorflow",3,7,2023-01-12
Data Analyst,Bangalore,E-Commerce,"power bi, python, sql",2,22,2024-02-15
Software Engineer,Mumbai,IT,"oops, java, python",0,7,2023-07-19
Data Scientist,Delhi,EdTech,"sql, ml, statistics",0,17,2023-07-06
Data Scientist,Pune,IT,"ml, sql, statistics",3,21,2024-07-04
Web Developer,Hyderabad,EdTech,"css, html, javascript",8,23,2024-05-31
DevOps Engineer,Chennai,IT,"kubernetes, aws, linux",6,4,2023-09-18
Cloud Engineer,Delhi,HealthTech,"linux, aws, azure",0,22,2023-02-16
Cloud Engineer,Bangalore,FinTech,"linux, docker, aws",8,5,2023-03-15
Cyber Security Analyst,Bangalore,IT,"security, networking, linux",6,8,2023-07-02
Data Scientist,Delhi,IT,"python, ml, statistics",8,13,2023-12-21
AI Engineer,Delhi,EdTech,"ai, python, nlp",1,25,2023-03-19
Data Analyst,Mumbai,EdTech,"excel, python, power bi",4,16,2024-06-09
AI Engineer,Mumbai,EdTech,"ml, nlp, ai",2,8,2023-09-11
Business Analyst,Pune,HealthTech,"excel, communication, sql",5,3,2024-10-24
ML Engineer,Pune,EdTech,"ml, python, tensorflow",6,19,2023-12-26
Data Scientist,Pune,EdTech,"sql, python, statistics",4,22,2024-06-17
AI Engineer,Delhi,HealthTech,"ai, nlp, python",4,15,2024-11-10
Software Engineer,Delhi,E-Commerce,"java, oops, python",8,10,2024-04-09
Web Developer,Mumbai,FinTech,"html, react, javascript",8,11,2024-08-23
Business Analyst,Chennai,E-Commerce,"excel, sql, communication",1,6,2023-06-01
Cyber Security Analyst,Chennai,IT,"linux, security, networking",0,4,2024-10-02
AI Engineer,Pune,IT,"nlp, python, ml",7,20,2024-03-19
Web Developer,Chennai,IT,"react, html, javascript",1,25,2024-02-07
AI Engineer,Pune,EdTech,"nlp, ml, python",3,20,2023-10-19
Web Developer,Bangalore,EdTech,"javascript, html, react",3,16,2023-10-03
ML Engineer,Delhi,FinTech,"deep learning, python, tensorflow",4,7,2024-07-14
Software Engineer,Mumbai,EdTech,"java, sql, python",6,21,2023-05-20
ML Engineer,Mumbai,FinTech,"tensorflow, deep learning, python",3,6,2023-03-02
Cyber Security Analyst,Pune,E-Commerce,"networking, security, linux",5,20,2023-01-06
Data Analyst,Hyderabad,IT,"excel, power bi, sql",7,5,2023-05-09
ML Engineer,Mumbai,EdTech,"tensorflow, deep learning, ml",6,12,2024-09-06
Software Engineer,Delhi,HealthTech,"sql, oops, java",2,4,2023-09-18
DevOps Engineer,Hyderabad,IT,"kubernetes, aws, docker",0,20,2023-10-29
Data Analyst,Hyderabad,E-Commerce,"python, excel, power bi",8,4,2023-05-12
DevOps Engineer,Pune,EdTech,"kubernetes, docker, linux",4,11,2023-04-30
Cloud Engineer,Bangalore,FinTech,"azure, linux, aws",8,10,2024-07-07
Cloud Engineer,Hyderabad,HealthTech,"docker, linux, aws",3,24,2023-04-11
AI Engineer,Pune,E-Commerce,"ai, python, ml",2,15,2023-10-17
DevOps Engineer,Bangalore,IT,"kubernetes, linux, docker",5,9,2023-11-04
AI Engineer,Bangalore,IT,"nlp, python, ai",8,3,2023-12-10
Data Analyst,Chennai,EdTech,"excel, sql, python",1,12,2024-10-14
ML Engineer,Hyderabad,EdTech,"deep learning, ml, python",0,11,2023-04-11
DevOps Engineer,Pune,HealthTech,"kubernetes, aws, linux",3,25,2024-04-09
Data Scientist,Chennai,E-Commerce,"sql, statistics, ml",2,16,2024-08-01
DevOps Engineer,Hyderabad,EdTech,"aws, docker, linux",2,11,2023-01-01
Data Scientist,Hyderabad,EdTech,"ml, python, sql",2,14,2023-03-08
Data Analyst,Chennai,FinTech,"power bi, python, sql",4,13,2024-08-28
Cyber Security Analyst,Delhi,IT,"security, networking, linux",1,9,2023-12-15
Cloud Engineer,Hyderabad,EdTech,"azure, docker, linux",5,19,2024-04-18
ML Engineer,Chennai,IT,"deep learning, tensorflow, python",5,10,2023-04-10
Business Analyst,Pune,E-Commerce,"sql, excel, communication",1,16,2023-06-20
Software Engineer,Delhi,FinTech,"java, oops, python",0,24,2023-01-12
AI Engineer,Pune,IT,"ai, nlp, python",0,8,2023-02-28
ML Engineer,Chennai,IT,"tensorflow, python, deep learning",7,10,2023-11-13
Cyber Security Analyst,Delhi,EdTech,"security, networking, linux",4,14,2023-09-04
Business Analyst,Chennai,EdTech,"communication, sql, excel",6,19,2024-11-21
Web Developer,Pune,E-Commerce,"html, javascript, react",4,14,2024-09-06
Software Engineer,Delhi,EdTech,"java, python, sql",5,23,2024-09-17
Cyber Security Analyst,Bangalore,EdTech,"security, linux, networking",6,7,2023-04-08
Business Analyst,Chennai,EdTech,"excel, communication, sql",3,13,2023-05-08
Data Scientist,Mumbai,E-Commerce,"python, statistics, ml",8,18,2023-03-14
Data Analyst,Hyderabad,EdTech,"python, power bi, sql",3,3,2023-08-07
Business Analyst,Chennai,FinTech,"excel, sql, communication",1,24,2023-02-20
ML Engineer,Hyderabad,HealthTech,"tensorflow, ml, deep learning",6,16,2024-05-02
Data Analyst,Pune,IT,"excel, python, power bi",8,18,2023-08-29
Web Developer,Delhi,IT,"javascript, css, html",1,9,2023-01-27
Business Analyst,Pune,IT,"excel, sql, communication",7,15,2024-05-22
AI Engineer,Hyderabad,IT,"python, nlp, ai",1,13,2023-08-10
Web Developer,Delhi,FinTech,"css, javascript, html",5,15,2024-03-10
Software Engineer,Pune,IT,"sql, python, java",8,22,2023-12-28
Web Developer,Hyderabad,IT,"javascript, html, css",4,10,2023-06-20
Software Engineer,Delhi,EdTech,"python, oops, java",2,25,2024-04-02
Cloud Engineer,Pune,HealthTech,"docker, linux, aws",6,8,2023-06-11
Data Analyst,Hyderabad,EdTech,"excel, python, sql",7,22,2024-01-30
Data Scientist,Chennai,IT,"statistics, sql, ml",7,8,2023-05-29
AI Engineer,Chennai,FinTech,"python, ml, ai",8,9,2023-07-05
DevOps Engineer,Chennai,FinTech,"kubernetes, docker, linux",3,23,2023-07-03
Cyber Security Analyst,Bangalore,FinTech,"security, linux, networking",4,7,2024-04-12
Cloud Engineer,Hyderabad,E-Commerce,"docker, linux, azure",6,13,2023-07-19
AI Engineer,Chennai,IT,"python, ai, ml",7,21,2024-09-18
Cloud Engineer,Bangalore,HealthTech,"linux, aws, azure",2,10,2023-02-23
Web Developer,Chennai,IT,"html, css, javascript",1,12,2024-12-09
Web Developer,Pune,EdTech,"html, css, javascript",1,10,2023-11-09
Cyber Security Analyst,Bangalore,IT,"security, networking, linux",3,8,2023-06-03
ML Engineer,Bangalore,FinTech,"ml, python, deep learning",4,4,2023-01-13
DevOps Engineer,Pune,HealthTech,"kubernetes, linux, aws",3,16,2024-10-25
Data Analyst,Delhi,IT,"python, sql, power bi",7,9,2024-08-28
Data Scientist,Bangalore,HealthTech,"statistics, python, ml",4,12,2024-04-19
Web Developer,Delhi,EdTech,"javascript, css, html",3,11,2024-08-03
Web Developer,Pune,HealthTech,"css, javascript, react",2,5,2024-09-02
Data Scientist,Chennai,E-Commerce,"python, sql, statistics",7,13,2023-05-17
ML Engineer,Pune,HealthTech,"python, tensorflow, ml",4,8,2024-12-10
Cloud Engineer,Mumbai,FinTech,"docker, aws, linux",1,24,2024-04-25
Cloud Engineer,Chennai,E-Commerce,"docker, aws, linux",6,16,2023-10-20
Business Analyst,Mumbai,IT,"communication, sql, excel",0,3,2024-11-16
AI Engineer,Mumbai,HealthTech,"ml, nlp, python",5,10,2024-08-22
Cyber Security Analyst,Hyderabad,IT,"networking, linux, security",8,11,2023-10-22
Web Developer,Pune,E-Commerce,"javascript, css, html",3,14,2023-05-20
Software Engineer,Pune,IT,"sql, java, oops",6,4,2024-10-28
Data Analyst,Hyderabad,HealthTech,"python, power bi, sql",1,23,2024-12-28
Business Analyst,Hyderabad,FinTech,"sql, communication, excel",8,25,2023-07-22
Cloud Engineer,Pune,EdTech,"linux, docker, azure",7,5,2023-06-23
Cloud Engineer,Pune,E-Commerce,"docker, aws, azure",1,10,2024-02-19
Data Scientist,Delhi,EdTech,"sql, ml, python",0,23,2023-03-07
ML Engineer,Bangalore,HealthTech,"python, ml, deep learning",6,12,2024-07-11
DevOps Engineer,Chennai,E-Commerce,"linux, aws, kubernetes",6,19,2023-01-27
ML Engineer,Pune,E-Commerce,"ml, deep learning, tensorflow",1,4,2023-11-01
Cloud Engineer,Pune,EdTech,"docker, azure, aws",8,22,2024-09-13
AI Engineer,Pune,EdTech,"ml, nlp, ai",8,17,2023-08-30
Web Developer,Delhi,FinTech,"html, react, css",0,12,2024-01-03
AI Engineer,Hyderabad,EdTech,"nlp, ai, ml",8,24,2023-06-12
Cyber Security Analyst,Mumbai,HealthTech,"networking, security, linux",6,7,2024-11-01
AI Engineer,Hyderabad,EdTech,"ai, python, nlp",1,7,2023-10-09
Business Analyst,Pune,EdTech,"sql, communication, excel",0,18,2024-03-14
Data Analyst,Mumbai,E-Commerce,"power bi, python, sql",4,7,2023-05-05
Data Analyst,Chennai,E-Commerce,"excel, python, power bi",7,13,2023-04-15
Data Analyst,Delhi,FinTech,"sql, power bi, excel",4,13,2024-06-04
DevOps Engineer,Delhi,HealthTech,"linux, kubernetes, docker",0,7,2024-12-01
ML Engineer,Hyderabad,EdTech,"deep learning, tensorflow, python",8,20,2023-06-23
Business Analyst,Delhi,E-Commerce,"sql, communication, excel",1,5,2024-05-01
Web Developer,Mumbai,EdTech,"css, html, react",3,11,2024-01-30
Cloud Engineer,Delhi,IT,"aws, docker, linux",3,16,2023-03-08
Cloud Engineer,Bangalore,IT,"linux, aws, docker",1,13,2024-08-25
Cloud Engineer,Pune,HealthTech,"aws, azure, linux",1,23,2023-06-16
Cloud Engineer,Delhi,EdTech,"aws, azure, linux",7,24,2023-11-09
Web Developer,Hyderabad,FinTech,"javascript, html, react",0,14,2024-11-23
Software Engineer,Mumbai,FinTech,"sql, java, oops",7,4,2024-04-30
AI Engineer,Chennai,EdTech,"nlp, ml, ai",2,4,2024-10-24
DevOps Engineer,Pune,IT,"aws, linux, docker",8,7,2023-08-28
Data Scientist,Bangalore,EdTech,"statistics, sql, python",4,14,2023-02-21
Cloud Engineer,Hyderabad,HealthTech,"azure, docker, aws",6,7,2024-11-22
Cyber Security Analyst,Hyderabad,IT,"linux, networking, security",5,3,2024-06-28
ML Engineer,Pune,IT,"deep learning, tensorflow, ml",1,19,2023-08-02
AI Engineer,Chennai,E-Commerce,"ai, python, ml",0,23,2024-07-06
Business Analyst,Bangalore,EdTech,"excel, communication, sql",1,10,2023-05-21
Cyber Security Analyst,Hyderabad,HealthTech,"networking, linux, security",1,13,2023-03-25
Web Developer,Chennai,EdTech,"react, javascript, css",5,16,2024-09-13
Data Analyst,Pune,FinTech,"sql, python, power bi",5,8,2024-04-23
ML Engineer,Hyderabad,EdTech,"ml, deep learning, tensorflow",6,18,2024-07-08
Business Analyst,Delhi,HealthTech,"excel, communication, sql",5,22,2023-11-01
Cloud Engineer,Pune,EdTech,"aws, linux, docker",0,12,2024-09-18
Web Developer,Delhi,FinTech,"react, html, javascript",6,16,2023-04-12
Data Scientist,Pune,IT,"python, statistics, sql",8,10,2024-06-16
DevOps Engineer,Bangalore,E-Commerce,"docker, linux, aws",8,4,2023-07-27
Cyber Security Analyst,Pune,IT,"security, linux, networking",0,20,2023-11-26
AI Engineer,Bangalore,FinTech,"python, ml, ai",1,11,2023-01-25
Software Engineer,Mumbai,HealthTech,"oops, python, sql",0,13,2024-11-22
Cloud Engineer,Bangalore,FinTech,"linux, azure, docker",8,21,2023-02-13
Cyber Security Analyst,Bangalore,EdTech,"security, networking, linux",5,4,2024-02-26
Cloud Engineer,Mumbai,HealthTech,"docker, azure, aws",8,14,2024-01-09
Data Scientist,Pune,FinTech,"sql, ml, statistics",1,11,2024-09-17
Cloud Engineer,Mumbai,E-Commerce,"docker, linux, azure",7,13,2023-06-13
Web Developer,Mumbai,EdTech,"javascript, css, html",0,23,2023-05-04
Software Engineer,Chennai,E-Commerce,"java, sql, python",5,10,2024-02-13
ML Engineer,Pune,E-Commerce,"deep learning, python, tensorflow",7,4,2023-10-05
Cloud Engineer,Bangalore,IT,"linux, azure, docker",2,11,2024-02-27
Data Scientist,Hyderabad,FinTech,"ml, statistics, sql",0,3,2023-01-15
AI Engineer,Pune,E-Commerce,"ai, python, nlp",1,8,2023-03-18
Business Analyst,Delhi,IT,"excel, communication, sql",2,7,2023-01-28
Software Engineer,Chennai,HealthTech,"oops, python, sql",4,11,2023-02-12
Software Engineer,Pune,HealthTech,"oops, sql, python",4,20,2024-12-22
DevOps Engineer,Chennai,HealthTech,"aws, docker, linux",6,12,2023-11-27
Software Engineer,Chennai,E-Commerce,"oops, java, sql",0,17,2024-07-23
DevOps Engineer,Bangalore,FinTech,"linux, docker, aws",6,4,2023-01-06
Cyber Security Analyst,Delhi,HealthTech,"security, linux, networking",7,6,2023-06-16
ML Engineer,Delhi,IT,"ml, tensorflow, deep learning",0,13,2024-04-26
Software Engineer,Chennai,IT,"python, java, sql",6,12,2024-12-04
ML Engineer,Mumbai,E-Commerce,"ml, deep learning, tensorflow",8,13,2024-08-18
Data Scientist,Bangalore,EdTech,"sql, ml, statistics",8,21,2023-02-08
Data Analyst,Delhi,FinTech,"power bi, excel, python",0,9,2024-12-13
Cloud Engineer,Hyderabad,FinTech,"docker, aws, linux",6,17,2024-05-23
Data Scientist,Bangalore,FinTech,"sql, ml, python",6,9,2024-08-27
Data Analyst,Pune,IT,"python, sql, power bi",2,3,2024-05-21
Software Engineer,Pune,IT,"oops, python, java",1,6,2024-11-02
DevOps Engineer,Mumbai,IT,"linux, aws, kubernetes",8,19,2024-11-21
Business Analyst,Bangalore,FinTech,"communication, sql, excel",1,19,2023-06-12
Cloud Engineer,Chennai,E-Commerce,"docker, linux, aws",0,18,2024-07-14
Cyber Security Analyst,Mumbai,FinTech,"linux, security, networking",7,12,2023-12-05
AI Engineer,Bangalore,HealthTech,"nlp, ml, ai",5,14,2024-05-15
Software Engineer,Chennai,E-Commerce,"oops, sql, java",8,25,2024-08-31
DevOps Engineer,Mumbai,EdTech,"docker, aws, linux",4,12,2023-12-23
Data Scientist,Pune,IT,"sql, ml, statistics",4,9,2023-01-12
Software Engineer,Hyderabad,E-Commerce,"sql, oops, java",7,22,2024-09-07
AI Engineer,Bangalore,HealthTech,"ml, python, nlp",1,12,2023-03-22
Web Developer,Chennai,EdTech,"html, css, react",1,20,2024-06-23
Business Analyst,Bangalore,E-Commerce,"sql, excel, communication",5,25,2023-12-11
Business Analyst,Hyderabad,E-Commerce,"sql, excel, communication",4,7,2023-06-17
ML Engineer,Mumbai,EdTech,"ml, deep learning, tensorflow",6,18,2024-02-21
DevOps Engineer,Mumbai,IT,"kubernetes, docker, linux",7,6,2023-07-08
Cloud Engineer,Delhi,EdTech,"azure, docker, linux",4,23,2024-12-12
DevOps Engineer,Delhi,IT,"aws, linux, docker",4,16,2024-04-25
ML Engineer,Chennai,EdTech,"python, ml, deep learning",7,10,2025-01-01
Data Analyst,Bangalore,FinTech,"power bi, python, excel",1,18,2024-03-01
Business Analyst,Hyderabad,HealthTech,"excel, sql, communication",4,20,2023-03-17
Data Scientist,Pune,EdTech,"ml, python, statistics",6,5,2023-03-11
AI Engineer,Delhi,FinTech,"nlp, ml, python",2,17,2024-07-21
ML Engineer,Bangalore,IT,"deep learning, tensorflow, ml",8,3,2023-10-12
AI Engineer,Chennai,FinTech,"ml, nlp, python",5,19,2023-05-28
Data Analyst,Delhi,IT,"excel, power bi, python",2,20,2023-01-20
Software Engineer,Chennai,EdTech,"python, oops, sql",4,4,2023-05-01
DevOps Engineer,Chennai,E-Commerce,"linux, aws, docker",5,20,2024-02-10
AI Engineer,Hyderabad,IT,"python, ml, ai",6,10,2024-03-28
Data Scientist,Hyderabad,EdTech,"statistics, ml, python",8,16,2024-12-01
Cloud Engineer,Chennai,HealthTech,"linux, docker, azure",7,4,2023-11-23
Cyber Security Analyst,Mumbai,FinTech,"security, networking, linux",3,24,2023-06-04
AI Engineer,Chennai,EdTech,"ai, nlp, python",8,6,2024-04-13
Business Analyst,Hyderabad,EdTech,"sql, excel, communication",1,13,2024-03-11
Business Analyst,Mumbai,HealthTech,"excel, sql, communication",5,4,2024-02-01
Data Analyst,Chennai,IT,"python, power bi, sql",5,3,2024-08-23
Web Developer,Mumbai,FinTech,"javascript, react, css",3,10,2024-07-04
DevOps Engineer,Bangalore,E-Commerce,"kubernetes, docker, linux",4,22,2024-07-01
ML Engineer,Pune,FinTech,"python, deep learning, ml",1,10,2023-12-18
Business Analyst,Chennai,HealthTech,"communication, sql, excel",7,13,2024-08-31
Cyber Security Analyst,Mumbai,IT,"security, linux, networking",0,22,2024-01-30
Software Engineer,Hyderabad,IT,"java, oops, sql",3,6,2023-01-15
Business Analyst,Mumbai,E-Commerce,"sql, excel, communication",7,23,2023-12-02
Business Analyst,Mumbai,IT,"excel, sql, communication",0,3,2023-01-05
Cloud Engineer,Mumbai,E-Commerce,"docker, linux, azure",3,12,2024-03-11
AI Engineer,Pune,HealthTech,"ai, python, nlp",7,23,2024-02-18
AI Engineer,Mumbai,FinTech,"python, ai, nlp",4,10,2023-10-07
Cyber Security Analyst,Hyderabad,IT,"security, linux, networking",6,19,2023-05-09
ML Engineer,Mumbai,IT,"python, tensorflow, deep learning",5,16,2024-05-27
Data Analyst,Delhi,IT,"python, excel, power bi",7,17,2023-03-14
DevOps Engineer,Mumbai,FinTech,"aws, kubernetes, linux",8,12,2023-11-05
Data Scientist,Hyderabad,HealthTech,"ml, sql, python",8,16,2023-11-08
ML Engineer,Chennai,E-Commerce,"python, deep learning, ml",7,6,2023-11-10
Software Engineer,Mumbai,HealthTech,"python, oops, sql",0,15,2023-08-21
Data Scientist,Chennai,FinTech,"statistics, sql, ml",6,18,2023-01-19
Cloud Engineer,Pune,FinTech,"linux, aws, azure",0,6,2024-04-14
Business Analyst,Delhi,IT,"communication, sql, excel",2,6,2023-06-29
Web Developer,Pune,E-Commerce,"html, css, react",2,9,2024-11-27
Cyber Security Analyst,Mumbai,FinTech,"linux, networking, security",6,3,2024-02-08
DevOps Engineer,Delhi,HealthTech,"aws, linux, kubernetes",5,5,2023-09-16
DevOps Engineer,Mumbai,EdTech,"aws, docker, linux",1,15,2023-03-07
ML Engineer,Delhi,FinTech,"tensorflow, python, ml",0,20,2024-03-24
ML Engineer,Hyderabad,IT,"python, ml, tensorflow",6,13,2024-03-26
ML Engineer,Pune,HealthTech,"ml, tensorflow, deep learning",6,6,2023-10-30
ML Engineer,Bangalore,FinTech,"tensorflow, ml, python",8,16,2023-01-31
Business Analyst,Hyderabad,FinTech,"sql, communication, excel",5,4,2023-04-01
ML Engineer,Hyderabad,IT,"ml, tensorflow, python",7,3,2024-03-04
Data Scientist,Bangalore,FinTech,"sql, statistics, python",1,11,2023-11-14
Data Scientist,Mumbai,FinTech,"sql, python, ml",3,20,2023-11-27
Data Scientist,Delhi,FinTech,"sql, statistics, ml",5,3,2023-11-11
